pid,role,derm_years,gp_years,years_experience,group,case_index,question_id,n_sources,correct_choice,correct_answer_text,llm_answer,llm_answer_text,llm_is_correct,initial_answer,final_answer,initial_correct,final_correct,answered,changed_answer,initial_eq_llm,final_eq_llm,switched_to_llm,switched_from_llm,n_support,n_support_rated,all_sources_support,any_source_supports,question_type,disease_category,disease_prevalence,original_disease,canonical_disease,disease_subcategory,question_structure
p02,Dermatologist,4-9 years,,4-9 years,1,1,1254,3,C,High TSH,C,High TSH,True,B,E,False,False,True,True,False,False,False,False,2,3,False,True,diagnosis,Metabolic Systemic,common,Hypothyroidism,Hypothyroidism,Endocrine-Associated,vignette
p02,Dermatologist,4-9 years,,4-9 years,1,2,4915,1,B,located on buttock,B,located on buttock,True,B,B,True,True,True,False,True,True,False,False,0,1,False,False,diagnosis,Neoplastic,moderate,Dysplastic Nevus,Dysplastic Nevus,Premalignant,short_stem
p02,Dermatologist,4-9 years,,4-9 years,1,3,554,3,A,Transpeptidase,A,Transpeptidase,True,C,A,False,True,True,True,False,True,True,False,0,3,False,False,treatment,Infectious,moderate,Syphilis,Syphilis,Bacterial,vignette
p02,Dermatologist,4-9 years,,4-9 years,1,4,83,4,A,Gastric adenocarcinoma,A,Gastric adenocarcinoma,True,A,A,True,True,True,False,True,True,False,False,2,4,False,True,diagnosis,Pigmentation,moderate,Acanthosis Nigricans,Acanthosis Nigricans,Hyperpigmentation,vignette
p02,Dermatologist,4-9 years,,4-9 years,1,5,59,2,B,Acute promyelocytic leukemia,B,Acute promyelocytic leukemia,True,A,A,False,False,True,False,False,False,False,False,2,2,True,True,mechanism,Inflammatory,common,Acne Vulgaris,Acne Vulgaris,Neutrophilic,vignette
p02,Dermatologist,4-9 years,,4-9 years,1,6,9946,1,C,Rifampicin (450 mg) + Dapsone (50 mg) + Clofazimine (150 mg) monthly and 50 mg alternate days,C,Rifampicin (450 mg) + Dapsone (50 mg) + Clofazimine (150 mg) monthly and 50 mg alternate days,True,C,C,True,True,True,False,True,True,False,False,1,1,True,True,treatment,Infectious,moderate,Leprosy,Leprosy,Bacterial,short_stem
p02,Dermatologist,4-9 years,,4-9 years,1,7,8111,2,C,Patch test,A,Skin biopsy,False,A,A,False,False,True,False,True,True,False,False,1,2,False,True,diagnosis,Inflammatory,moderate,Chronic Actinic Dermatitis,Chronic Actinic Dermatitis,Eczematous,vignette
p02,Dermatologist,4-9 years,,4-9 years,1,8,6933,1,B,The patient is taking phenytoin,B,The patient is taking phenytoin,True,B,B,True,True,True,False,True,True,False,False,1,1,True,True,epidemiology,Inflammatory,moderate,Erythema Multiforme,Erythema Multiforme,Vascular & Urticarial,short_stem
p02,Dermatologist,4-9 years,,4-9 years,1,9,3376,2,C,X-linked ichthyosis nigra,C,X-linked ichthyosis nigra,True,C,C,True,True,True,False,True,True,False,False,2,2,True,True,diagnosis,Genetic Rare,rare,X-Linked Ichthyosis,X-Linked Ichthyosis,Genodermatoses,vignette
p02,Dermatologist,4-9 years,,4-9 years,1,10,2518,3,D,Incontinentia pigmenti,D,Incontinentia pigmenti,True,C,D,False,True,True,True,False,True,True,False,3,3,True,True,diagnosis,Genetic Rare,rare,Incontinentia Pigmenti,Incontinentia Pigmenti,Syndromic,vignette
p02,Dermatologist,4-9 years,,4-9 years,1,11,3245,2,C,Verrucous epidermal nevus,C,Verrucous epidermal nevus,True,D,C,False,True,True,True,False,True,True,False,1,2,False,True,diagnosis,Neoplastic,moderate,Verrucous Epidermal Nevus,Verrucous Epidermal Nevus,Benign,short_stem
p02,Dermatologist,4-9 years,,4-9 years,1,12,2068,1,A,VDRL for mother & baby,A,VDRL for mother & baby,True,A,A,True,True,True,False,True,True,False,False,1,1,True,True,diagnosis,Infectious,moderate,Congenital Syphilis,Congenital Syphilis,Bacterial,short_stem
p02,Dermatologist,4-9 years,,4-9 years,1,13,463,2,C,Linear band of immunoglobulin G (IgG) in the epidermal basement membrane,C,Linear band of immunoglobulin G (IgG) in the epidermal basement membrane,True,B,B,False,False,True,False,False,False,False,False,1,2,False,True,mechanism,Inflammatory,moderate,Bullous Pemphigoid,Bullous Pemphigoid,Autoimmune,vignette
p02,Dermatologist,4-9 years,,4-9 years,1,14,260,1,D,Coagulative necrosis surrounded by fibroblast and macrophage infiltrate,C,Ulcerated epidermis with plasma cell infiltrate,False,C,C,False,False,True,False,True,True,False,False,1,1,True,True,diagnosis,Infectious,moderate,Syphilis (Tertiary/Gummatous),Syphilis,Bacterial,vignette
p02,Dermatologist,4-9 years,,4-9 years,1,15,586,4,D,Stimulation of the sebaceous glands by androgens,D,Stimulation of the sebaceous glands by androgens,True,D,D,True,True,True,False,True,True,False,False,4,4,True,True,mechanism,Inflammatory,common,Acne Vulgaris,Acne Vulgaris,Neutrophilic,vignette
p02,Dermatologist,4-9 years,,4-9 years,1,16,302,2,C,Erythromycin,C,Erythromycin,True,A,C,False,True,True,True,False,True,True,False,1,2,False,True,treatment,Infectious,rare,Bacillary Angiomatosis,Bacillary Angiomatosis,Bacterial,vignette
p03,Dermatologist,4-9 years,,4-9 years,1,1,1254,3,C,High TSH,C,High TSH,True,C,C,True,True,True,False,True,True,False,False,2,3,False,True,diagnosis,Metabolic Systemic,common,Hypothyroidism,Hypothyroidism,Endocrine-Associated,vignette
p03,Dermatologist,4-9 years,,4-9 years,1,2,4915,1,B,located on buttock,B,located on buttock,True,C,B,False,True,True,True,False,True,True,False,1,1,True,True,diagnosis,Neoplastic,moderate,Dysplastic Nevus,Dysplastic Nevus,Premalignant,short_stem
p03,Dermatologist,4-9 years,,4-9 years,1,3,554,3,A,Transpeptidase,A,Transpeptidase,True,A,A,True,True,True,False,True,True,False,False,3,3,True,True,treatment,Infectious,moderate,Syphilis,Syphilis,Bacterial,vignette
p03,Dermatologist,4-9 years,,4-9 years,1,4,83,4,A,Gastric adenocarcinoma,A,Gastric adenocarcinoma,True,A,A,True,True,True,False,True,True,False,False,3,4,False,True,diagnosis,Pigmentation,moderate,Acanthosis Nigricans,Acanthosis Nigricans,Hyperpigmentation,vignette
p03,Dermatologist,4-9 years,,4-9 years,1,5,59,2,B,Acute promyelocytic leukemia,B,Acute promyelocytic leukemia,True,B,B,True,True,True,False,True,True,False,False,2,2,True,True,mechanism,Inflammatory,common,Acne Vulgaris,Acne Vulgaris,Neutrophilic,vignette
p03,Dermatologist,4-9 years,,4-9 years,1,6,9946,1,C,Rifampicin (450 mg) + Dapsone (50 mg) + Clofazimine (150 mg) monthly and 50 mg alternate days,C,Rifampicin (450 mg) + Dapsone (50 mg) + Clofazimine (150 mg) monthly and 50 mg alternate days,True,C,C,True,True,True,False,True,True,False,False,1,1,True,True,treatment,Infectious,moderate,Leprosy,Leprosy,Bacterial,short_stem
p03,Dermatologist,4-9 years,,4-9 years,1,7,8111,2,C,Patch test,A,Skin biopsy,False,C,C,True,True,True,False,False,False,False,False,2,2,True,True,diagnosis,Inflammatory,moderate,Chronic Actinic Dermatitis,Chronic Actinic Dermatitis,Eczematous,vignette
p03,Dermatologist,4-9 years,,4-9 years,1,8,6933,1,B,The patient is taking phenytoin,B,The patient is taking phenytoin,True,B,B,True,True,True,False,True,True,False,False,1,1,True,True,epidemiology,Inflammatory,moderate,Erythema Multiforme,Erythema Multiforme,Vascular & Urticarial,short_stem
p03,Dermatologist,4-9 years,,4-9 years,1,9,3376,2,C,X-linked ichthyosis nigra,C,X-linked ichthyosis nigra,True,C,C,True,True,True,False,True,True,False,False,2,2,True,True,diagnosis,Genetic Rare,rare,X-Linked Ichthyosis,X-Linked Ichthyosis,Genodermatoses,vignette
p03,Dermatologist,4-9 years,,4-9 years,1,10,2518,3,D,Incontinentia pigmenti,D,Incontinentia pigmenti,True,D,D,True,True,True,False,True,True,False,False,3,3,True,True,diagnosis,Genetic Rare,rare,Incontinentia Pigmenti,Incontinentia Pigmenti,Syndromic,vignette
p03,Dermatologist,4-9 years,,4-9 years,1,11,3245,2,C,Verrucous epidermal nevus,C,Verrucous epidermal nevus,True,C,C,True,True,True,False,True,True,False,False,2,2,True,True,diagnosis,Neoplastic,moderate,Verrucous Epidermal Nevus,Verrucous Epidermal Nevus,Benign,short_stem
p03,Dermatologist,4-9 years,,4-9 years,1,12,2068,1,A,VDRL for mother & baby,A,VDRL for mother & baby,True,A,A,True,True,True,False,True,True,False,False,1,1,True,True,diagnosis,Infectious,moderate,Congenital Syphilis,Congenital Syphilis,Bacterial,short_stem
p03,Dermatologist,4-9 years,,4-9 years,1,13,463,2,C,Linear band of immunoglobulin G (IgG) in the epidermal basement membrane,C,Linear band of immunoglobulin G (IgG) in the epidermal basement membrane,True,C,C,True,True,True,False,True,True,False,False,2,2,True,True,mechanism,Inflammatory,moderate,Bullous Pemphigoid,Bullous Pemphigoid,Autoimmune,vignette
p03,Dermatologist,4-9 years,,4-9 years,1,14,260,1,D,Coagulative necrosis surrounded by fibroblast and macrophage infiltrate,C,Ulcerated epidermis with plasma cell infiltrate,False,D,C,True,False,True,True,False,True,True,False,1,1,True,True,diagnosis,Infectious,moderate,Syphilis (Tertiary/Gummatous),Syphilis,Bacterial,vignette
p03,Dermatologist,4-9 years,,4-9 years,1,15,586,4,D,Stimulation of the sebaceous glands by androgens,D,Stimulation of the sebaceous glands by androgens,True,D,D,True,True,True,False,True,True,False,False,4,4,True,True,mechanism,Inflammatory,common,Acne Vulgaris,Acne Vulgaris,Neutrophilic,vignette
p03,Dermatologist,4-9 years,,4-9 years,1,16,302,2,C,Erythromycin,C,Erythromycin,True,C,C,True,True,True,False,True,True,False,False,1,2,False,True,treatment,Infectious,rare,Bacillary Angiomatosis,Bacillary Angiomatosis,Bacterial,vignette
p01,Dermatologist,10+ years,,10+ years,1,1,1254,3,C,High TSH,C,High TSH,True,C,C,True,True,True,False,True,True,False,False,1,3,False,True,diagnosis,Metabolic Systemic,common,Hypothyroidism,Hypothyroidism,Endocrine-Associated,vignette
p01,Dermatologist,10+ years,,10+ years,1,2,4915,1,B,located on buttock,B,located on buttock,True,C,D,False,False,True,True,False,False,False,False,1,1,True,True,diagnosis,Neoplastic,moderate,Dysplastic Nevus,Dysplastic Nevus,Premalignant,short_stem
p01,Dermatologist,10+ years,,10+ years,1,3,554,3,A,Transpeptidase,A,Transpeptidase,True,A,A,True,True,True,False,True,True,False,False,1,3,False,True,treatment,Infectious,moderate,Syphilis,Syphilis,Bacterial,vignette
p01,Dermatologist,10+ years,,10+ years,1,4,83,4,A,Gastric adenocarcinoma,A,Gastric adenocarcinoma,True,A,C,True,False,True,True,True,False,False,True,3,4,False,True,diagnosis,Pigmentation,moderate,Acanthosis Nigricans,Acanthosis Nigricans,Hyperpigmentation,vignette
p01,Dermatologist,10+ years,,10+ years,1,5,59,2,B,Acute promyelocytic leukemia,B,Acute promyelocytic leukemia,True,B,B,True,True,True,False,True,True,False,False,1,2,False,True,mechanism,Inflammatory,common,Acne Vulgaris,Acne Vulgaris,Neutrophilic,vignette
p01,Dermatologist,10+ years,,10+ years,1,6,9946,1,C,Rifampicin (450 mg) + Dapsone (50 mg) + Clofazimine (150 mg) monthly and 50 mg alternate days,C,Rifampicin (450 mg) + Dapsone (50 mg) + Clofazimine (150 mg) monthly and 50 mg alternate days,True,D,D,False,False,True,False,False,False,False,False,0,1,False,False,treatment,Infectious,moderate,Leprosy,Leprosy,Bacterial,short_stem
p01,Dermatologist,10+ years,,10+ years,1,7,8111,2,C,Patch test,A,Skin biopsy,False,C,C,True,True,True,False,False,False,False,False,2,2,True,True,diagnosis,Inflammatory,moderate,Chronic Actinic Dermatitis,Chronic Actinic Dermatitis,Eczematous,vignette
p01,Dermatologist,10+ years,,10+ years,1,8,6933,1,B,The patient is taking phenytoin,B,The patient is taking phenytoin,True,D,D,False,False,True,False,False,False,False,False,1,1,True,True,epidemiology,Inflammatory,moderate,Erythema Multiforme,Erythema Multiforme,Vascular & Urticarial,short_stem
p01,Dermatologist,10+ years,,10+ years,1,9,3376,2,C,X-linked ichthyosis nigra,C,X-linked ichthyosis nigra,True,C,C,True,True,True,False,True,True,False,False,2,2,True,True,diagnosis,Genetic Rare,rare,X-Linked Ichthyosis,X-Linked Ichthyosis,Genodermatoses,vignette
p01,Dermatologist,10+ years,,10+ years,1,10,2518,3,D,Incontinentia pigmenti,D,Incontinentia pigmenti,True,D,D,True,True,True,False,True,True,False,False,3,3,True,True,diagnosis,Genetic Rare,rare,Incontinentia Pigmenti,Incontinentia Pigmenti,Syndromic,vignette
p01,Dermatologist,10+ years,,10+ years,1,11,3245,2,C,Verrucous epidermal nevus,C,Verrucous epidermal nevus,True,D,C,False,True,True,True,False,True,True,False,1,2,False,True,diagnosis,Neoplastic,moderate,Verrucous Epidermal Nevus,Verrucous Epidermal Nevus,Benign,short_stem
p01,Dermatologist,10+ years,,10+ years,1,12,2068,1,A,VDRL for mother & baby,A,VDRL for mother & baby,True,A,A,True,True,True,False,True,True,False,False,1,1,True,True,diagnosis,Infectious,moderate,Congenital Syphilis,Congenital Syphilis,Bacterial,short_stem
p01,Dermatologist,10+ years,,10+ years,1,13,463,2,C,Linear band of immunoglobulin G (IgG) in the epidermal basement membrane,C,Linear band of immunoglobulin G (IgG) in the epidermal basement membrane,True,C,C,True,True,True,False,True,True,False,False,1,2,False,True,mechanism,Inflammatory,moderate,Bullous Pemphigoid,Bullous Pemphigoid,Autoimmune,vignette
p01,Dermatologist,10+ years,,10+ years,1,14,260,1,D,Coagulative necrosis surrounded by fibroblast and macrophage infiltrate,C,Ulcerated epidermis with plasma cell infiltrate,False,C,C,False,False,True,False,True,True,False,False,0,1,False,False,diagnosis,Infectious,moderate,Syphilis (Tertiary/Gummatous),Syphilis,Bacterial,vignette
p01,Dermatologist,10+ years,,10+ years,1,15,586,4,D,Stimulation of the sebaceous glands by androgens,D,Stimulation of the sebaceous glands by androgens,True,D,D,True,True,True,False,True,True,False,False,4,4,True,True,mechanism,Inflammatory,common,Acne Vulgaris,Acne Vulgaris,Neutrophilic,vignette
p01,Dermatologist,10+ years,,10+ years,1,16,302,2,C,Erythromycin,C,Erythromycin,True,C,C,True,True,True,False,True,True,False,False,1,2,False,True,treatment,Infectious,rare,Bacillary Angiomatosis,Bacillary Angiomatosis,Bacterial,vignette
p05,Dermatologist,10+ years,,10+ years,2,1,4129,3,B,Lamellar ichthyosis,B,Lamellar ichthyosis,True,B,B,True,True,True,False,True,True,False,False,2,3,False,True,diagnosis,Genetic Rare,rare,Lamellar Ichthyosis,Lamellar Ichthyosis,Genodermatoses,short_stem
p05,Dermatologist,10+ years,,10+ years,2,2,1275,5,A,Nucleotide excision repair,A,Nucleotide excision repair,True,A,A,True,True,True,False,True,True,False,False,3,5,False,True,mechanism,Genetic Rare,rare,Xeroderma Pigmentosum,Xeroderma Pigmentosum,Genodermatoses,short_stem
p05,Dermatologist,10+ years,,10+ years,2,3,506,3,C,Elevated anti-TPO antibody levels,C,Elevated anti-TPO antibody levels,True,C,C,True,True,True,False,True,True,False,False,3,3,True,True,epidemiology,Pigmentation,moderate,Vitiligo,Vitiligo,Hypopigmentation,vignette
p05,Dermatologist,10+ years,,10+ years,2,4,1144,3,C,Measure serum beta-hCG levels,C,Measure serum beta-hCG levels,True,E,D,False,False,True,True,False,False,False,False,2,3,False,True,treatment,Inflammatory,common,Acne Vulgaris,Acne Vulgaris,Neutrophilic,vignette
p05,Dermatologist,10+ years,,10+ years,2,5,122,3,D,ssRNA enveloped viruses,D,ssRNA enveloped viruses,True,D,D,True,True,True,False,True,True,False,False,1,3,False,True,mechanism,Infectious,moderate,Measles,Measles,Viral,vignette
p05,Dermatologist,10+ years,,10+ years,2,6,430,4,D,"""Spaghetti and meatballs"" fungus",D,"""Spaghetti and meatballs"" fungus",True,D,D,True,True,True,False,True,True,False,False,1,4,False,True,diagnosis,Infectious,common,Tinea Versicolor,Tinea Versicolor,Fungal,vignette
p05,Dermatologist,10+ years,,10+ years,2,7,204,4,D,Staphylococcus aureus,D,Staphylococcus aureus,True,D,D,True,True,True,False,True,True,False,False,4,4,True,True,diagnosis,Infectious,moderate,Staphylococcal Scalded Skin Syndrome,Staphylococcal Scalded Skin Syndrome,Bacterial,vignette
p05,Dermatologist,10+ years,,10+ years,2,8,2110,2,A,Treponema pallidum,A,Treponema pallidum,True,A,A,True,True,True,False,True,True,False,False,2,2,True,True,diagnosis,Infectious,common,Secondary Syphilis,Secondary Syphilis,Bacterial,short_stem
p05,Dermatologist,10+ years,,10+ years,2,9,8524,3,C,Endonuclease,C,Endonuclease,True,C,C,True,True,True,False,True,True,False,False,3,3,True,True,mechanism,Genetic Rare,rare,Xeroderma Pigmentosum,Xeroderma Pigmentosum,Genodermatoses,short_stem
p05,Dermatologist,10+ years,,10+ years,2,10,6968,1,D,Topical permethrin,D,Topical permethrin,True,D,D,True,True,True,False,True,True,False,False,1,1,True,True,treatment,Infectious,common,Scabies,Scabies,Parasitic & Other,short_stem
p05,Dermatologist,10+ years,,10+ years,2,11,239,2,C,Lipid panel,C,Lipid panel,True,C,C,True,True,True,False,True,True,False,False,2,2,True,True,diagnosis,Metabolic Systemic,moderate,Xanthoma,Xanthoma,Endocrine-Associated,vignette
p05,Dermatologist,10+ years,,10+ years,2,12,499,2,C,Biopsy of the lesion,C,Biopsy of the lesion,True,B,C,False,True,True,True,False,True,True,False,2,2,True,True,diagnosis,Inflammatory,moderate,Lichen Sclerosus,Lichen Sclerosus,Autoimmune,vignette
p05,Dermatologist,10+ years,,10+ years,2,13,685,1,F,Oral rifampicin and dapsone,F,Oral rifampicin and dapsone,True,A,F,False,True,True,True,False,True,True,False,1,1,True,True,treatment,Infectious,rare,Leprosy,Leprosy,Bacterial,vignette
p05,Dermatologist,10+ years,,10+ years,2,14,3776,1,A,22q,D,9q,False,B,B,False,False,True,False,False,False,False,False,1,1,True,True,epidemiology,Genetic Rare,rare,Tuberous Sclerosis Complex,Tuberous Sclerosis Complex,Syndromic,vignette
p05,Dermatologist,10+ years,,10+ years,2,15,1316,2,C,Vitiligo,C,Vitiligo,True,C,C,True,True,True,False,True,True,False,False,2,2,True,True,diagnosis,Pigmentation,moderate,Vitiligo,Vitiligo,Hypopigmentation,vignette
p05,Dermatologist,10+ years,,10+ years,2,16,9028,3,D,None,C,Lichen planus,False,C,C,False,False,True,False,True,True,False,False,2,3,False,True,diagnosis,Inflammatory,rare,Lichen Striatus,Lichen Striatus,Papulosquamous,short_stem
p04,Dermatologist,10+ years,,10+ years,2,1,4129,3,B,Lamellar ichthyosis,B,Lamellar ichthyosis,True,C,B,False,True,True,True,False,True,True,False,2,3,False,True,diagnosis,Genetic Rare,rare,Lamellar Ichthyosis,Lamellar Ichthyosis,Genodermatoses,short_stem
p04,Dermatologist,10+ years,,10+ years,2,2,1275,5,A,Nucleotide excision repair,A,Nucleotide excision repair,True,A,A,True,True,True,False,True,True,False,False,4,5,False,True,mechanism,Genetic Rare,rare,Xeroderma Pigmentosum,Xeroderma Pigmentosum,Genodermatoses,short_stem
p04,Dermatologist,10+ years,,10+ years,2,3,506,3,C,Elevated anti-TPO antibody levels,C,Elevated anti-TPO antibody levels,True,C,C,True,True,True,False,True,True,False,False,2,3,False,True,epidemiology,Pigmentation,moderate,Vitiligo,Vitiligo,Hypopigmentation,vignette
p04,Dermatologist,10+ years,,10+ years,2,4,1144,3,C,Measure serum beta-hCG levels,C,Measure serum beta-hCG levels,True,C,C,True,True,True,False,True,True,False,False,2,3,False,True,treatment,Inflammatory,common,Acne Vulgaris,Acne Vulgaris,Neutrophilic,vignette
p04,Dermatologist,10+ years,,10+ years,2,5,122,3,D,ssRNA enveloped viruses,D,ssRNA enveloped viruses,True,B,D,False,True,True,True,False,True,True,False,2,3,False,True,mechanism,Infectious,moderate,Measles,Measles,Viral,vignette
p04,Dermatologist,10+ years,,10+ years,2,6,430,4,D,"""Spaghetti and meatballs"" fungus",D,"""Spaghetti and meatballs"" fungus",True,D,D,True,True,True,False,True,True,False,False,3,4,False,True,diagnosis,Infectious,common,Tinea Versicolor,Tinea Versicolor,Fungal,vignette
p04,Dermatologist,10+ years,,10+ years,2,7,204,4,D,Staphylococcus aureus,D,Staphylococcus aureus,True,D,D,True,True,True,False,True,True,False,False,4,4,True,True,diagnosis,Infectious,moderate,Staphylococcal Scalded Skin Syndrome,Staphylococcal Scalded Skin Syndrome,Bacterial,vignette
p04,Dermatologist,10+ years,,10+ years,2,8,2110,2,A,Treponema pallidum,A,Treponema pallidum,True,A,A,True,True,True,False,True,True,False,False,2,2,True,True,diagnosis,Infectious,common,Secondary Syphilis,Secondary Syphilis,Bacterial,short_stem
p04,Dermatologist,10+ years,,10+ years,2,9,8524,3,C,Endonuclease,C,Endonuclease,True,C,C,True,True,True,False,True,True,False,False,3,3,True,True,mechanism,Genetic Rare,rare,Xeroderma Pigmentosum,Xeroderma Pigmentosum,Genodermatoses,short_stem
p04,Dermatologist,10+ years,,10+ years,2,10,6968,1,D,Topical permethrin,D,Topical permethrin,True,A,A,False,False,True,False,False,False,False,False,0,1,False,False,treatment,Infectious,common,Scabies,Scabies,Parasitic & Other,short_stem
p04,Dermatologist,10+ years,,10+ years,2,11,239,2,C,Lipid panel,C,Lipid panel,True,C,C,True,True,True,False,True,True,False,False,2,2,True,True,diagnosis,Metabolic Systemic,moderate,Xanthoma,Xanthoma,Endocrine-Associated,vignette
p04,Dermatologist,10+ years,,10+ years,2,12,499,2,C,Biopsy of the lesion,C,Biopsy of the lesion,True,C,C,True,True,True,False,True,True,False,False,2,2,True,True,diagnosis,Inflammatory,moderate,Lichen Sclerosus,Lichen Sclerosus,Autoimmune,vignette
p04,Dermatologist,10+ years,,10+ years,2,13,685,1,F,Oral rifampicin and dapsone,F,Oral rifampicin and dapsone,True,F,F,True,True,True,False,True,True,False,False,1,1,True,True,treatment,Infectious,rare,Leprosy,Leprosy,Bacterial,vignette
p04,Dermatologist,10+ years,,10+ years,2,14,3776,1,A,22q,D,9q,False,D,D,False,False,True,False,True,True,False,False,1,1,True,True,epidemiology,Genetic Rare,rare,Tuberous Sclerosis Complex,Tuberous Sclerosis Complex,Syndromic,vignette
p04,Dermatologist,10+ years,,10+ years,2,15,1316,2,C,Vitiligo,C,Vitiligo,True,C,C,True,True,True,False,True,True,False,False,2,2,True,True,diagnosis,Pigmentation,moderate,Vitiligo,Vitiligo,Hypopigmentation,vignette
p04,Dermatologist,10+ years,,10+ years,2,16,9028,3,D,None,C,Lichen planus,False,C,C,False,False,True,False,True,True,False,False,2,3,False,True,diagnosis,Inflammatory,rare,Lichen Striatus,Lichen Striatus,Papulosquamous,short_stem
p06,Dermatologist,4-9 years,,4-9 years,2,1,4129,3,B,Lamellar ichthyosis,B,Lamellar ichthyosis,True,B,B,True,True,True,False,True,True,False,False,3,3,True,True,diagnosis,Genetic Rare,rare,Lamellar Ichthyosis,Lamellar Ichthyosis,Genodermatoses,short_stem
p06,Dermatologist,4-9 years,,4-9 years,2,2,1275,5,A,Nucleotide excision repair,A,Nucleotide excision repair,True,A,A,True,True,True,False,True,True,False,False,4,5,False,True,mechanism,Genetic Rare,rare,Xeroderma Pigmentosum,Xeroderma Pigmentosum,Genodermatoses,short_stem
p06,Dermatologist,4-9 years,,4-9 years,2,3,506,3,C,Elevated anti-TPO antibody levels,C,Elevated anti-TPO antibody levels,True,C,C,True,True,True,False,True,True,False,False,3,3,True,True,epidemiology,Pigmentation,moderate,Vitiligo,Vitiligo,Hypopigmentation,vignette
p06,Dermatologist,4-9 years,,4-9 years,2,4,1144,3,C,Measure serum beta-hCG levels,C,Measure serum beta-hCG levels,True,E,C,False,True,True,True,False,True,True,False,3,3,True,True,treatment,Inflammatory,common,Acne Vulgaris,Acne Vulgaris,Neutrophilic,vignette
p06,Dermatologist,4-9 years,,4-9 years,2,5,122,3,D,ssRNA enveloped viruses,D,ssRNA enveloped viruses,True,A,D,False,True,True,True,False,True,True,False,2,3,False,True,mechanism,Infectious,moderate,Measles,Measles,Viral,vignette
p06,Dermatologist,4-9 years,,4-9 years,2,6,430,4,D,"""Spaghetti and meatballs"" fungus",D,"""Spaghetti and meatballs"" fungus",True,D,D,True,True,True,False,True,True,False,False,3,4,False,True,diagnosis,Infectious,common,Tinea Versicolor,Tinea Versicolor,Fungal,vignette
p06,Dermatologist,4-9 years,,4-9 years,2,7,204,4,D,Staphylococcus aureus,D,Staphylococcus aureus,True,D,D,True,True,True,False,True,True,False,False,4,4,True,True,diagnosis,Infectious,moderate,Staphylococcal Scalded Skin Syndrome,Staphylococcal Scalded Skin Syndrome,Bacterial,vignette
p06,Dermatologist,4-9 years,,4-9 years,2,8,2110,2,A,Treponema pallidum,A,Treponema pallidum,True,A,A,True,True,True,False,True,True,False,False,2,2,True,True,diagnosis,Infectious,common,Secondary Syphilis,Secondary Syphilis,Bacterial,short_stem
p06,Dermatologist,4-9 years,,4-9 years,2,9,8524,3,C,Endonuclease,C,Endonuclease,True,B,C,False,True,True,True,False,True,True,False,1,3,False,True,mechanism,Genetic Rare,rare,Xeroderma Pigmentosum,Xeroderma Pigmentosum,Genodermatoses,short_stem
p06,Dermatologist,4-9 years,,4-9 years,2,10,6968,1,D,Topical permethrin,D,Topical permethrin,True,B,B,False,False,True,False,False,False,False,False,1,1,True,True,treatment,Infectious,common,Scabies,Scabies,Parasitic & Other,short_stem
p06,Dermatologist,4-9 years,,4-9 years,2,11,239,2,C,Lipid panel,C,Lipid panel,True,C,C,True,True,True,False,True,True,False,False,2,2,True,True,diagnosis,Metabolic Systemic,moderate,Xanthoma,Xanthoma,Endocrine-Associated,vignette
p06,Dermatologist,4-9 years,,4-9 years,2,12,499,2,C,Biopsy of the lesion,C,Biopsy of the lesion,True,C,C,True,True,True,False,True,True,False,False,2,2,True,True,diagnosis,Inflammatory,moderate,Lichen Sclerosus,Lichen Sclerosus,Autoimmune,vignette
p06,Dermatologist,4-9 years,,4-9 years,2,13,685,1,F,Oral rifampicin and dapsone,F,Oral rifampicin and dapsone,True,F,F,True,True,True,False,True,True,False,False,1,1,True,True,treatment,Infectious,rare,Leprosy,Leprosy,Bacterial,vignette
p06,Dermatologist,4-9 years,,4-9 years,2,14,3776,1,A,22q,D,9q,False,B,D,False,False,True,True,False,True,True,False,1,1,True,True,epidemiology,Genetic Rare,rare,Tuberous Sclerosis Complex,Tuberous Sclerosis Complex,Syndromic,vignette
p06,Dermatologist,4-9 years,,4-9 years,2,15,1316,2,C,Vitiligo,C,Vitiligo,True,B,C,False,True,True,True,False,True,True,False,0,2,False,False,diagnosis,Pigmentation,moderate,Vitiligo,Vitiligo,Hypopigmentation,vignette
p06,Dermatologist,4-9 years,,4-9 years,2,16,9028,3,D,None,C,Lichen planus,False,D,C,True,False,True,True,False,True,True,False,2,3,False,True,diagnosis,Inflammatory,rare,Lichen Striatus,Lichen Striatus,Papulosquamous,short_stem
p09,Dermatologist,1-3 years,,1-3 years,3,1,9554,2,B,Cushing's syndrome,B,Cushing's syndrome,True,B,B,True,True,True,False,True,True,False,False,1,2,False,True,diagnosis,Metabolic Systemic,rare,Cushing'S Syndrome,Cushing's Syndrome,Endocrine-Associated,short_stem
p09,Dermatologist,1-3 years,,1-3 years,3,2,831,2,B,Pemphigus vulgaris,B,Pemphigus vulgaris,True,B,B,True,True,True,False,True,True,False,False,1,2,False,True,diagnosis,Inflammatory,moderate,Pemphigus Vulgaris,Pemphigus Vulgaris,Autoimmune,vignette
p09,Dermatologist,1-3 years,,1-3 years,3,3,203,1,C,High-output cardiac failure,C,High-output cardiac failure,True,C,C,True,True,True,False,True,True,False,False,0,1,False,False,epidemiology,Genetic Rare,rare,Hereditary Hemorrhagic Telangiectasia,Hereditary Hemorrhagic Telangiectasia,Syndromic,vignette
p09,Dermatologist,1-3 years,,1-3 years,3,4,845,2,C,Flavin adenine dinucleotide,C,Flavin adenine dinucleotide,True,C,C,True,True,True,False,True,True,False,False,2,2,True,True,mechanism,Metabolic Systemic,rare,Riboflavin Deficiency,Riboflavin Deficiency,Nutritional,vignette
p09,Dermatologist,1-3 years,,1-3 years,3,5,1015,3,A,Intrastrand cross-linking of thymidine residues in DNA,A,Intrastrand cross-linking of thymidine residues in DNA,True,A,A,True,True,True,False,True,True,False,False,0,3,False,False,mechanism,Neoplastic,common,Squamous Cell Carcinoma,Squamous Cell Carcinoma,Malignant,vignette
p09,Dermatologist,1-3 years,,1-3 years,3,6,2897,2,B,Streptobacillus moniliformis,B,Streptobacillus moniliformis,True,B,B,True,True,True,False,True,True,False,False,1,2,False,True,diagnosis,Infectious,rare,Rat-Bite Fever,Rat-Bite Fever,Bacterial,vignette
p09,Dermatologist,1-3 years,,1-3 years,3,7,1499,1,A,Chloasma,A,Chloasma,True,A,A,True,True,True,False,True,True,False,False,1,1,True,True,diagnosis,Pigmentation,common,Melasma,Melasma,Hyperpigmentation,short_stem
p09,Dermatologist,1-3 years,,1-3 years,3,8,400,1,D,Malignant carcinoid syndrome,A,Increased tryptophan,False,D,D,True,True,True,False,False,False,False,False,0,1,False,False,epidemiology,Metabolic Systemic,rare,Pellagra,Pellagra,Nutritional,vignette
p09,Dermatologist,1-3 years,,1-3 years,3,9,6176,3,A,"5-FU, Imiquimod and Vismodegib",A,"5-FU, Imiquimod and Vismodegib",True,A,A,True,True,True,False,True,True,False,False,1,3,False,True,treatment,Neoplastic,common,Basal Cell Carcinoma,Basal Cell Carcinoma,Malignant,vignette
p09,Dermatologist,1-3 years,,1-3 years,3,10,1354,3,B,Idiopathic intracranial hypertension,B,Idiopathic intracranial hypertension,True,B,B,True,True,True,False,True,True,False,False,1,3,False,True,treatment,Inflammatory,common,Acne Vulgaris,Acne Vulgaris,Neutrophilic,vignette
p09,Dermatologist,1-3 years,,1-3 years,3,11,720,3,A,Keratin pearls,A,Keratin pearls,True,A,A,True,True,True,False,True,True,False,False,0,3,False,False,diagnosis,Neoplastic,common,Actinic Keratosis,Actinic Keratosis,Premalignant,vignette
p09,Dermatologist,1-3 years,,1-3 years,3,12,498,1,C,Gastric adenocarcinoma,B,Infection with a Poxvirus,False,C,C,True,True,True,False,False,False,False,False,0,1,False,False,diagnosis,Neoplastic,moderate,Seborrheic Keratosis (Sign Of Leser-Trélat),Seborrheic Keratosis,Benign,short_stem
p09,Dermatologist,1-3 years,,1-3 years,3,13,4631,1,A,SLE,A,SLE,True,A,A,True,True,True,False,True,True,False,False,0,1,False,False,diagnosis,Inflammatory,moderate,Systemic Lupus Erythematosus,Systemic Lupus Erythematosus,Autoimmune,short_stem
p09,Dermatologist,1-3 years,,1-3 years,3,14,6684,2,A,Nasociliary,A,Nasociliary,True,A,A,True,True,True,False,True,True,False,False,2,2,True,True,mechanism,Infectious,moderate,Herpes Zoster Ophthalmicus,Herpes Zoster Ophthalmicus,Viral,vignette
p09,Dermatologist,1-3 years,,1-3 years,3,15,1392,2,A,Ask the mother to leave the room before talking to the patient about her sexual activity,A,Ask the mother to leave the room before talking to the patient about her sexual activity,True,A,A,True,True,True,False,True,True,False,False,0,2,False,False,treatment,Inflammatory,common,Acne Vulgaris,Acne Vulgaris,Neutrophilic,vignette
p09,Dermatologist,1-3 years,,1-3 years,3,16,2973,4,A,Direct immunofluorescence,A,Direct immunofluorescence,True,A,A,True,True,True,False,True,True,False,False,3,4,False,True,diagnosis,Inflammatory,moderate,Bullous Pemphigoid,Bullous Pemphigoid,Autoimmune,short_stem
p07,Dermatologist,4-9 years,,4-9 years,3,1,9554,2,B,Cushing's syndrome,B,Cushing's syndrome,True,B,B,True,True,True,False,True,True,False,False,2,2,True,True,diagnosis,Metabolic Systemic,rare,Cushing'S Syndrome,Cushing's Syndrome,Endocrine-Associated,short_stem
p07,Dermatologist,4-9 years,,4-9 years,3,2,831,2,B,Pemphigus vulgaris,B,Pemphigus vulgaris,True,B,B,True,True,True,False,True,True,False,False,2,2,True,True,diagnosis,Inflammatory,moderate,Pemphigus Vulgaris,Pemphigus Vulgaris,Autoimmune,vignette
p07,Dermatologist,4-9 years,,4-9 years,3,3,203,1,C,High-output cardiac failure,C,High-output cardiac failure,True,C,C,True,True,True,False,True,True,False,False,0,1,False,False,epidemiology,Genetic Rare,rare,Hereditary Hemorrhagic Telangiectasia,Hereditary Hemorrhagic Telangiectasia,Syndromic,vignette
p07,Dermatologist,4-9 years,,4-9 years,3,4,845,2,C,Flavin adenine dinucleotide,C,Flavin adenine dinucleotide,True,D,C,False,True,True,True,False,True,True,False,2,2,True,True,mechanism,Metabolic Systemic,rare,Riboflavin Deficiency,Riboflavin Deficiency,Nutritional,vignette
p07,Dermatologist,4-9 years,,4-9 years,3,5,1015,3,A,Intrastrand cross-linking of thymidine residues in DNA,A,Intrastrand cross-linking of thymidine residues in DNA,True,A,A,True,True,True,False,True,True,False,False,2,3,False,True,mechanism,Neoplastic,common,Squamous Cell Carcinoma,Squamous Cell Carcinoma,Malignant,vignette
p07,Dermatologist,4-9 years,,4-9 years,3,6,2897,2,B,Streptobacillus moniliformis,B,Streptobacillus moniliformis,True,B,B,True,True,True,False,True,True,False,False,2,2,True,True,diagnosis,Infectious,rare,Rat-Bite Fever,Rat-Bite Fever,Bacterial,vignette
p07,Dermatologist,4-9 years,,4-9 years,3,7,1499,1,A,Chloasma,A,Chloasma,True,C,A,False,True,True,True,False,True,True,False,1,1,True,True,diagnosis,Pigmentation,common,Melasma,Melasma,Hyperpigmentation,short_stem
p07,Dermatologist,4-9 years,,4-9 years,3,8,400,1,D,Malignant carcinoid syndrome,A,Increased tryptophan,False,D,D,True,True,True,False,False,False,False,False,0,1,False,False,epidemiology,Metabolic Systemic,rare,Pellagra,Pellagra,Nutritional,vignette
p07,Dermatologist,4-9 years,,4-9 years,3,9,6176,3,A,"5-FU, Imiquimod and Vismodegib",A,"5-FU, Imiquimod and Vismodegib",True,A,A,True,True,True,False,True,True,False,False,2,3,False,True,treatment,Neoplastic,common,Basal Cell Carcinoma,Basal Cell Carcinoma,Malignant,vignette
p07,Dermatologist,4-9 years,,4-9 years,3,10,1354,3,B,Idiopathic intracranial hypertension,B,Idiopathic intracranial hypertension,True,B,B,True,True,True,False,True,True,False,False,1,3,False,True,treatment,Inflammatory,common,Acne Vulgaris,Acne Vulgaris,Neutrophilic,vignette
p07,Dermatologist,4-9 years,,4-9 years,3,11,720,3,A,Keratin pearls,A,Keratin pearls,True,B,F,False,False,True,True,False,False,False,False,0,3,False,False,diagnosis,Neoplastic,common,Actinic Keratosis,Actinic Keratosis,Premalignant,vignette
p07,Dermatologist,4-9 years,,4-9 years,3,12,498,1,C,Gastric adenocarcinoma,B,Infection with a Poxvirus,False,B,B,False,False,True,False,True,True,False,False,0,1,False,False,diagnosis,Neoplastic,moderate,Seborrheic Keratosis (Sign Of Leser-Trélat),Seborrheic Keratosis,Benign,short_stem
p07,Dermatologist,4-9 years,,4-9 years,3,13,4631,1,A,SLE,A,SLE,True,A,A,True,True,True,False,True,True,False,False,0,1,False,False,diagnosis,Inflammatory,moderate,Systemic Lupus Erythematosus,Systemic Lupus Erythematosus,Autoimmune,short_stem
p07,Dermatologist,4-9 years,,4-9 years,3,14,6684,2,A,Nasociliary,A,Nasociliary,True,A,A,True,True,True,False,True,True,False,False,2,2,True,True,mechanism,Infectious,moderate,Herpes Zoster Ophthalmicus,Herpes Zoster Ophthalmicus,Viral,vignette
p07,Dermatologist,4-9 years,,4-9 years,3,15,1392,2,A,Ask the mother to leave the room before talking to the patient about her sexual activity,A,Ask the mother to leave the room before talking to the patient about her sexual activity,True,A,A,True,True,True,False,True,True,False,False,1,2,False,True,treatment,Inflammatory,common,Acne Vulgaris,Acne Vulgaris,Neutrophilic,vignette
p07,Dermatologist,4-9 years,,4-9 years,3,16,2973,4,A,Direct immunofluorescence,A,Direct immunofluorescence,True,A,A,True,True,True,False,True,True,False,False,3,4,False,True,diagnosis,Inflammatory,moderate,Bullous Pemphigoid,Bullous Pemphigoid,Autoimmune,short_stem
p08,Dermatologist,10+ years,,10+ years,3,1,9554,2,B,Cushing's syndrome,B,Cushing's syndrome,True,B,B,True,True,True,False,True,True,False,False,2,2,True,True,diagnosis,Metabolic Systemic,rare,Cushing'S Syndrome,Cushing's Syndrome,Endocrine-Associated,short_stem
p08,Dermatologist,10+ years,,10+ years,3,2,831,2,B,Pemphigus vulgaris,B,Pemphigus vulgaris,True,B,B,True,True,True,False,True,True,False,False,2,2,True,True,diagnosis,Inflammatory,moderate,Pemphigus Vulgaris,Pemphigus Vulgaris,Autoimmune,vignette
p08,Dermatologist,10+ years,,10+ years,3,3,203,1,C,High-output cardiac failure,C,High-output cardiac failure,True,D,D,False,False,True,False,False,False,False,False,0,1,False,False,epidemiology,Genetic Rare,rare,Hereditary Hemorrhagic Telangiectasia,Hereditary Hemorrhagic Telangiectasia,Syndromic,vignette
p08,Dermatologist,10+ years,,10+ years,3,4,845,2,C,Flavin adenine dinucleotide,C,Flavin adenine dinucleotide,True,D,D,False,False,True,False,False,False,False,False,2,2,True,True,mechanism,Metabolic Systemic,rare,Riboflavin Deficiency,Riboflavin Deficiency,Nutritional,vignette
p08,Dermatologist,10+ years,,10+ years,3,5,1015,3,A,Intrastrand cross-linking of thymidine residues in DNA,A,Intrastrand cross-linking of thymidine residues in DNA,True,E,E,False,False,True,False,False,False,False,False,3,3,True,True,mechanism,Neoplastic,common,Squamous Cell Carcinoma,Squamous Cell Carcinoma,Malignant,vignette
p08,Dermatologist,10+ years,,10+ years,3,6,2897,2,B,Streptobacillus moniliformis,B,Streptobacillus moniliformis,True,B,B,True,True,True,False,True,True,False,False,2,2,True,True,diagnosis,Infectious,rare,Rat-Bite Fever,Rat-Bite Fever,Bacterial,vignette
p08,Dermatologist,10+ years,,10+ years,3,7,1499,1,A,Chloasma,A,Chloasma,True,A,A,True,True,True,False,True,True,False,False,1,1,True,True,diagnosis,Pigmentation,common,Melasma,Melasma,Hyperpigmentation,short_stem
p08,Dermatologist,10+ years,,10+ years,3,8,400,1,D,Malignant carcinoid syndrome,A,Increased tryptophan,False,D,D,True,True,True,False,False,False,False,False,0,1,False,False,epidemiology,Metabolic Systemic,rare,Pellagra,Pellagra,Nutritional,vignette
p08,Dermatologist,10+ years,,10+ years,3,9,6176,3,A,"5-FU, Imiquimod and Vismodegib",A,"5-FU, Imiquimod and Vismodegib",True,A,A,True,True,True,False,True,True,False,False,3,3,True,True,treatment,Neoplastic,common,Basal Cell Carcinoma,Basal Cell Carcinoma,Malignant,vignette
p08,Dermatologist,10+ years,,10+ years,3,10,1354,3,B,Idiopathic intracranial hypertension,B,Idiopathic intracranial hypertension,True,B,B,True,True,True,False,True,True,False,False,0,3,False,False,treatment,Inflammatory,common,Acne Vulgaris,Acne Vulgaris,Neutrophilic,vignette
p08,Dermatologist,10+ years,,10+ years,3,11,720,3,A,Keratin pearls,A,Keratin pearls,True,E,E,False,False,True,False,False,False,False,False,0,3,False,False,diagnosis,Neoplastic,common,Actinic Keratosis,Actinic Keratosis,Premalignant,vignette
p08,Dermatologist,10+ years,,10+ years,3,12,498,1,C,Gastric adenocarcinoma,B,Infection with a Poxvirus,False,C,C,True,True,True,False,False,False,False,False,0,1,False,False,diagnosis,Neoplastic,moderate,Seborrheic Keratosis (Sign Of Leser-Trélat),Seborrheic Keratosis,Benign,short_stem
p08,Dermatologist,10+ years,,10+ years,3,13,4631,1,A,SLE,A,SLE,True,A,A,True,True,True,False,True,True,False,False,0,1,False,False,diagnosis,Inflammatory,moderate,Systemic Lupus Erythematosus,Systemic Lupus Erythematosus,Autoimmune,short_stem
p08,Dermatologist,10+ years,,10+ years,3,14,6684,2,A,Nasociliary,A,Nasociliary,True,A,A,True,True,True,False,True,True,False,False,2,2,True,True,mechanism,Infectious,moderate,Herpes Zoster Ophthalmicus,Herpes Zoster Ophthalmicus,Viral,vignette
p08,Dermatologist,10+ years,,10+ years,3,15,1392,2,A,Ask the mother to leave the room before talking to the patient about her sexual activity,A,Ask the mother to leave the room before talking to the patient about her sexual activity,True,B,B,False,False,True,False,False,False,False,False,2,2,True,True,treatment,Inflammatory,common,Acne Vulgaris,Acne Vulgaris,Neutrophilic,vignette
p08,Dermatologist,10+ years,,10+ years,3,16,2973,4,A,Direct immunofluorescence,A,Direct immunofluorescence,True,C,C,False,False,True,False,False,False,False,False,4,4,True,True,diagnosis,Inflammatory,moderate,Bullous Pemphigoid,Bullous Pemphigoid,Autoimmune,short_stem
p11,Dermatologist,1-3 years,,1-3 years,4,1,9147,1,B,Aphthous ulcers,B,Aphthous ulcers,True,B,B,True,True,True,False,True,True,False,False,1,1,True,True,diagnosis,Inflammatory,common,Aphthous Ulcers,Aphthous Stomatitis,Neutrophilic,short_stem
p11,Dermatologist,1-3 years,,1-3 years,4,2,8693,1,C,Radiation-induced angiosarcoma,C,Radiation-induced angiosarcoma,True,C,D,True,False,True,True,True,False,False,True,1,1,True,True,diagnosis,Neoplastic,rare,Radiation-Induced Angiosarcoma,Radiation-Induced Angiosarcoma,Vascular Tumours,vignette
p11,Dermatologist,1-3 years,,1-3 years,4,3,799,1,A,Impaired chemotaxis of neutrophils,A,Impaired chemotaxis of neutrophils,True,B,E,False,False,True,True,False,False,False,False,1,1,True,True,mechanism,Genetic Rare,rare,Hyper-Ige Syndrome,Hyper-IgE Syndrome,Syndromic,vignette
p11,Dermatologist,1-3 years,,1-3 years,4,4,682,1,D,Increased growth of Malassezia globosa,G,Antigen uptake by Langerhans cells,False,D,D,True,True,True,False,False,False,False,False,0,1,False,False,mechanism,Infectious,common,Tinea Versicolor,Tinea Versicolor,Fungal,vignette
p11,Dermatologist,1-3 years,,1-3 years,4,5,709,4,F,Topical metronidazole,F,Topical metronidazole,True,F,F,True,True,True,False,True,True,False,False,4,4,True,True,treatment,Inflammatory,common,Rosacea,Rosacea,Papulosquamous,vignette
p11,Dermatologist,1-3 years,,1-3 years,4,6,4742,2,A,KOH preparation,A,KOH preparation,True,A,A,True,True,True,False,True,True,False,False,2,2,True,True,diagnosis,Infectious,common,Pityriasis Versicolor,Tinea Versicolor,Fungal,vignette
p11,Dermatologist,1-3 years,,1-3 years,4,7,610,3,A,Optic glioma,A,Optic glioma,True,A,A,True,True,True,False,True,True,False,False,2,3,False,True,epidemiology,Genetic Rare,moderate,Neurofibromatosis Type 1,Neurofibromatosis Type 1,Syndromic,vignette
p11,Dermatologist,1-3 years,,1-3 years,4,8,1389,4,B,Coronary artery aneurysms,B,Coronary artery aneurysms,True,E,B,False,True,True,True,False,True,True,False,4,4,True,True,prognosis,Inflammatory,moderate,Kawasaki Disease,Kawasaki Disease,Vascular & Urticarial,vignette
p11,Dermatologist,1-3 years,,1-3 years,4,9,9053,1,C,Vitamin B2 (riboflavin),C,Vitamin B2 (riboflavin),True,B,C,False,True,True,True,False,True,True,False,1,1,True,True,diagnosis,Metabolic Systemic,rare,Riboflavin Deficiency,Riboflavin Deficiency,Nutritional,short_stem
p11,Dermatologist,1-3 years,,1-3 years,4,10,242,2,C,Inhibition of thymidylate synthase,C,Inhibition of thymidylate synthase,True,B,C,False,True,True,True,False,True,True,False,1,2,False,True,mechanism,Neoplastic,common,Basal Cell Carcinoma,Basal Cell Carcinoma,Malignant,vignette
p11,Dermatologist,1-3 years,,1-3 years,4,11,2562,2,C,Pellagra,C,Pellagra,True,B,C,False,True,True,True,False,True,True,False,2,2,True,True,diagnosis,Metabolic Systemic,rare,Pellagra,Pellagra,Nutritional,short_stem
p11,Dermatologist,1-3 years,,1-3 years,4,12,7290,2,B,Niacin deficiency,B,Niacin deficiency,True,B,B,True,True,True,False,True,True,False,False,1,2,False,True,diagnosis,Metabolic Systemic,rare,Pellagra,Pellagra,Nutritional,short_stem
p11,Dermatologist,1-3 years,,1-3 years,4,13,1028,2,D,Erythromycin,D,Erythromycin,True,A,D,False,True,True,True,False,True,True,False,2,2,True,True,treatment,Infectious,rare,Bacillary Angiomatosis,Bacillary Angiomatosis,Bacterial,vignette
p11,Dermatologist,1-3 years,,1-3 years,4,14,4403,3,B,Macrophages with a foamy appearance in the dermis,B,Macrophages with a foamy appearance in the dermis,True,B,B,True,True,True,False,True,True,False,False,3,3,True,True,diagnosis,Infectious,moderate,Lepromatous Leprosy,Lepromatous Leprosy,Bacterial,short_stem
p11,Dermatologist,1-3 years,,1-3 years,4,15,199,3,B,Oral isotretinoin,B,Oral isotretinoin,True,B,B,True,True,True,False,True,True,False,False,3,3,True,True,treatment,Inflammatory,common,Acne Vulgaris,Acne Vulgaris,Neutrophilic,vignette
p11,Dermatologist,1-3 years,,1-3 years,4,16,528,1,A,Ash-leaf spots,B,Café-au-lait spots,False,A,B,True,False,True,True,False,True,True,False,1,1,True,True,diagnosis,Genetic Rare,rare,Tuberous Sclerosis Complex,Tuberous Sclerosis Complex,Syndromic,vignette
p12,Dermatologist,4-9 years,,4-9 years,4,1,9147,1,B,Aphthous ulcers,B,Aphthous ulcers,True,B,B,True,True,True,False,True,True,False,False,1,1,True,True,diagnosis,Inflammatory,common,Aphthous Ulcers,Aphthous Stomatitis,Neutrophilic,short_stem
p12,Dermatologist,4-9 years,,4-9 years,4,2,8693,1,C,Radiation-induced angiosarcoma,C,Radiation-induced angiosarcoma,True,A,A,False,False,True,False,False,False,False,False,0,1,False,False,diagnosis,Neoplastic,rare,Radiation-Induced Angiosarcoma,Radiation-Induced Angiosarcoma,Vascular Tumours,vignette
p12,Dermatologist,4-9 years,,4-9 years,4,3,799,1,A,Impaired chemotaxis of neutrophils,A,Impaired chemotaxis of neutrophils,True,F,E,False,False,True,True,False,False,False,False,0,1,False,False,mechanism,Genetic Rare,rare,Hyper-Ige Syndrome,Hyper-IgE Syndrome,Syndromic,vignette
p12,Dermatologist,4-9 years,,4-9 years,4,4,682,1,D,Increased growth of Malassezia globosa,G,Antigen uptake by Langerhans cells,False,D,D,True,True,True,False,False,False,False,False,0,1,False,False,mechanism,Infectious,common,Tinea Versicolor,Tinea Versicolor,Fungal,vignette
p12,Dermatologist,4-9 years,,4-9 years,4,5,709,4,F,Topical metronidazole,F,Topical metronidazole,True,F,F,True,True,True,False,True,True,False,False,2,4,False,True,treatment,Inflammatory,common,Rosacea,Rosacea,Papulosquamous,vignette
p12,Dermatologist,4-9 years,,4-9 years,4,6,4742,2,A,KOH preparation,A,KOH preparation,True,A,A,True,True,True,False,True,True,False,False,2,2,True,True,diagnosis,Infectious,common,Pityriasis Versicolor,Tinea Versicolor,Fungal,vignette
p12,Dermatologist,4-9 years,,4-9 years,4,7,610,3,A,Optic glioma,A,Optic glioma,True,B,A,False,True,True,True,False,True,True,False,1,3,False,True,epidemiology,Genetic Rare,moderate,Neurofibromatosis Type 1,Neurofibromatosis Type 1,Syndromic,vignette
p12,Dermatologist,4-9 years,,4-9 years,4,8,1389,4,B,Coronary artery aneurysms,B,Coronary artery aneurysms,True,C,B,False,True,True,True,False,True,True,False,2,4,False,True,prognosis,Inflammatory,moderate,Kawasaki Disease,Kawasaki Disease,Vascular & Urticarial,vignette
p12,Dermatologist,4-9 years,,4-9 years,4,9,9053,1,C,Vitamin B2 (riboflavin),C,Vitamin B2 (riboflavin),True,D,C,False,True,True,True,False,True,True,False,1,1,True,True,diagnosis,Metabolic Systemic,rare,Riboflavin Deficiency,Riboflavin Deficiency,Nutritional,short_stem
p12,Dermatologist,4-9 years,,4-9 years,4,10,242,2,C,Inhibition of thymidylate synthase,C,Inhibition of thymidylate synthase,True,C,C,True,True,True,False,True,True,False,False,0,2,False,False,mechanism,Neoplastic,common,Basal Cell Carcinoma,Basal Cell Carcinoma,Malignant,vignette
p12,Dermatologist,4-9 years,,4-9 years,4,11,2562,2,C,Pellagra,C,Pellagra,True,C,C,True,True,True,False,True,True,False,False,2,2,True,True,diagnosis,Metabolic Systemic,rare,Pellagra,Pellagra,Nutritional,short_stem
p12,Dermatologist,4-9 years,,4-9 years,4,12,7290,2,B,Niacin deficiency,B,Niacin deficiency,True,B,B,True,True,True,False,True,True,False,False,2,2,True,True,diagnosis,Metabolic Systemic,rare,Pellagra,Pellagra,Nutritional,short_stem
p12,Dermatologist,4-9 years,,4-9 years,4,13,1028,2,D,Erythromycin,D,Erythromycin,True,C,D,False,True,True,True,False,True,True,False,1,2,False,True,treatment,Infectious,rare,Bacillary Angiomatosis,Bacillary Angiomatosis,Bacterial,vignette
p12,Dermatologist,4-9 years,,4-9 years,4,14,4403,3,B,Macrophages with a foamy appearance in the dermis,B,Macrophages with a foamy appearance in the dermis,True,D,D,False,False,True,False,False,False,False,False,0,3,False,False,diagnosis,Infectious,moderate,Lepromatous Leprosy,Lepromatous Leprosy,Bacterial,short_stem
p12,Dermatologist,4-9 years,,4-9 years,4,15,199,3,B,Oral isotretinoin,B,Oral isotretinoin,True,B,B,True,True,True,False,True,True,False,False,3,3,True,True,treatment,Inflammatory,common,Acne Vulgaris,Acne Vulgaris,Neutrophilic,vignette
p12,Dermatologist,4-9 years,,4-9 years,4,16,528,1,A,Ash-leaf spots,B,Café-au-lait spots,False,A,A,True,True,True,False,False,False,False,False,0,1,False,False,diagnosis,Genetic Rare,rare,Tuberous Sclerosis Complex,Tuberous Sclerosis Complex,Syndromic,vignette
p14,Dermatologist,1-3 years,,1-3 years,5,1,458,2,D,B7,D,B7,True,B,B,False,False,True,False,False,False,False,False,1,2,False,True,mechanism,Neoplastic,common,Melanoma,Melanoma,Malignant,vignette
p14,Dermatologist,1-3 years,,1-3 years,5,2,785,1,E,Coagulative necrosis surrounded by fibroblast and macrophage infiltrate,D,Ulcerated epidermis with plasma cell infiltrate,False,D,D,False,False,True,False,True,True,False,False,1,1,True,True,diagnosis,Infectious,moderate,Tertiary Syphilis (Gumma),Syphilis,Bacterial,vignette
p14,Dermatologist,1-3 years,,1-3 years,5,3,798,2,A,Squamous cell carcinoma,A,Squamous cell carcinoma,True,A,A,True,True,True,False,True,True,False,False,1,2,False,True,diagnosis,Neoplastic,common,Squamous Cell Carcinoma,Squamous Cell Carcinoma,Malignant,vignette
p14,Dermatologist,1-3 years,,1-3 years,5,4,6918,3,A,Blastomycosis,A,Blastomycosis,True,A,A,True,True,True,False,True,True,False,False,2,3,False,True,diagnosis,Infectious,rare,Blastomycosis,Blastomycosis,Fungal,vignette
p14,Dermatologist,1-3 years,,1-3 years,5,5,842,2,B,Mouse,B,Mouse,True,E,E,False,False,True,False,False,False,False,False,0,2,False,False,epidemiology,Infectious,common,Lyme Disease,Lyme Disease,Bacterial,vignette
p14,Dermatologist,1-3 years,,1-3 years,5,6,2592,1,A,PLET medium,A,PLET medium,True,B,A,False,True,True,True,False,True,True,False,0,1,False,False,diagnosis,Infectious,rare,Cutaneous Anthrax,Cutaneous Anthrax,Bacterial,short_stem
p14,Dermatologist,1-3 years,,1-3 years,5,7,2373,3,B,Chloasma,B,Chloasma,True,C,B,False,True,True,True,False,True,True,False,3,3,True,True,diagnosis,Pigmentation,common,Melasma,Melasma,Hyperpigmentation,short_stem
p14,Dermatologist,1-3 years,,1-3 years,5,8,4341,3,B,Rosacea,B,Rosacea,True,B,B,True,True,True,False,True,True,False,False,3,3,True,True,diagnosis,Inflammatory,common,Rosacea,Rosacea,Papulosquamous,short_stem
p14,Dermatologist,1-3 years,,1-3 years,5,9,407,3,B,Irreversible nuclear changes in the stratum basale,C,Increased nuclear to cytoplasmic ratio in the stratum spinosum,False,A,A,False,False,True,False,False,False,False,False,0,3,False,False,mechanism,Neoplastic,common,Squamous Cell Carcinoma In Situ,Squamous Cell Carcinoma In Situ,Premalignant,vignette
p14,Dermatologist,1-3 years,,1-3 years,5,10,320,1,D,Oral rifampicin and dapsone,D,Oral rifampicin and dapsone,True,D,D,True,True,True,False,True,True,False,False,1,1,True,True,treatment,Infectious,rare,Leprosy,Leprosy,Bacterial,vignette
p14,Dermatologist,1-3 years,,1-3 years,5,11,189,3,A,Cranial nerve palsy,A,Cranial nerve palsy,True,B,A,False,True,True,True,False,True,True,False,0,3,False,False,prognosis,Infectious,moderate,Lyme Disease,Lyme Disease,Bacterial,vignette
p14,Dermatologist,1-3 years,,1-3 years,5,12,558,3,D,Uroporphyrinogen,D,Uroporphyrinogen,True,C,D,False,True,True,True,False,True,True,False,3,3,True,True,mechanism,Metabolic Systemic,moderate,Porphyria Cutanea Tarda,Porphyria Cutanea Tarda,Systemic Disease Manifestations,vignette
p14,Dermatologist,1-3 years,,1-3 years,5,13,5633,3,D,Xeroderma pigmentosum,D,Xeroderma pigmentosum,True,B,D,False,True,True,True,False,True,True,False,3,3,True,True,diagnosis,Genetic Rare,rare,Xeroderma Pigmentosum,Xeroderma Pigmentosum,Genodermatoses,vignette
p14,Dermatologist,1-3 years,,1-3 years,5,14,241,3,A,"Dry, scaly, hyperkeratotic papule",A,"Dry, scaly, hyperkeratotic papule",True,B,B,False,False,True,False,False,False,False,False,1,3,False,True,diagnosis,Neoplastic,common,Squamous Cell Carcinoma,Squamous Cell Carcinoma,Malignant,short_stem
p14,Dermatologist,1-3 years,,1-3 years,5,15,6596,3,C,"Excision and repair of this area, ensuring clear surgical margins",C,"Excision and repair of this area, ensuring clear surgical margins",True,C,C,True,True,True,False,True,True,False,False,3,3,True,True,treatment,Neoplastic,moderate,Bowen'S Disease,Bowen's Disease,Premalignant,vignette
p14,Dermatologist,1-3 years,,1-3 years,5,16,1033,3,C,Oral isotretinoin,C,Oral isotretinoin,True,C,C,True,True,True,False,True,True,False,False,2,3,False,True,treatment,Inflammatory,common,Acne Vulgaris,Acne Vulgaris,Neutrophilic,vignette
p15,Dermatologist,10+ years,,10+ years,5,1,458,2,D,B7,D,B7,True,D,C,True,False,True,True,True,False,False,True,1,2,False,True,mechanism,Neoplastic,common,Melanoma,Melanoma,Malignant,vignette
p15,Dermatologist,10+ years,,10+ years,5,2,785,1,E,Coagulative necrosis surrounded by fibroblast and macrophage infiltrate,D,Ulcerated epidermis with plasma cell infiltrate,False,D,D,False,False,True,False,True,True,False,False,1,1,True,True,diagnosis,Infectious,moderate,Tertiary Syphilis (Gumma),Syphilis,Bacterial,vignette
p15,Dermatologist,10+ years,,10+ years,5,3,798,2,A,Squamous cell carcinoma,A,Squamous cell carcinoma,True,A,A,True,True,True,False,True,True,False,False,1,2,False,True,diagnosis,Neoplastic,common,Squamous Cell Carcinoma,Squamous Cell Carcinoma,Malignant,vignette
p15,Dermatologist,10+ years,,10+ years,5,4,6918,3,A,Blastomycosis,A,Blastomycosis,True,A,A,True,True,True,False,True,True,False,False,0,3,False,False,diagnosis,Infectious,rare,Blastomycosis,Blastomycosis,Fungal,vignette
p15,Dermatologist,10+ years,,10+ years,5,5,842,2,B,Mouse,B,Mouse,True,E,E,False,False,True,False,False,False,False,False,1,2,False,True,epidemiology,Infectious,common,Lyme Disease,Lyme Disease,Bacterial,vignette
p15,Dermatologist,10+ years,,10+ years,5,6,2592,1,A,PLET medium,A,PLET medium,True,D,D,False,False,True,False,False,False,False,False,0,1,False,False,diagnosis,Infectious,rare,Cutaneous Anthrax,Cutaneous Anthrax,Bacterial,short_stem
p15,Dermatologist,10+ years,,10+ years,5,7,2373,3,B,Chloasma,B,Chloasma,True,B,B,True,True,True,False,True,True,False,False,3,3,True,True,diagnosis,Pigmentation,common,Melasma,Melasma,Hyperpigmentation,short_stem
p15,Dermatologist,10+ years,,10+ years,5,8,4341,3,B,Rosacea,B,Rosacea,True,B,B,True,True,True,False,True,True,False,False,3,3,True,True,diagnosis,Inflammatory,common,Rosacea,Rosacea,Papulosquamous,short_stem
p15,Dermatologist,10+ years,,10+ years,5,9,407,3,B,Irreversible nuclear changes in the stratum basale,C,Increased nuclear to cytoplasmic ratio in the stratum spinosum,False,B,C,True,False,True,True,False,True,True,False,1,3,False,True,mechanism,Neoplastic,common,Squamous Cell Carcinoma In Situ,Squamous Cell Carcinoma In Situ,Premalignant,vignette
p15,Dermatologist,10+ years,,10+ years,5,10,320,1,D,Oral rifampicin and dapsone,D,Oral rifampicin and dapsone,True,D,D,True,True,True,False,True,True,False,False,1,1,True,True,treatment,Infectious,rare,Leprosy,Leprosy,Bacterial,vignette
p15,Dermatologist,10+ years,,10+ years,5,11,189,3,A,Cranial nerve palsy,A,Cranial nerve palsy,True,D,A,False,True,True,True,False,True,True,False,1,3,False,True,prognosis,Infectious,moderate,Lyme Disease,Lyme Disease,Bacterial,vignette
p15,Dermatologist,10+ years,,10+ years,5,12,558,3,D,Uroporphyrinogen,D,Uroporphyrinogen,True,C,D,False,True,True,True,False,True,True,False,2,3,False,True,mechanism,Metabolic Systemic,moderate,Porphyria Cutanea Tarda,Porphyria Cutanea Tarda,Systemic Disease Manifestations,vignette
p15,Dermatologist,10+ years,,10+ years,5,13,5633,3,D,Xeroderma pigmentosum,D,Xeroderma pigmentosum,True,D,D,True,True,True,False,True,True,False,False,2,3,False,True,diagnosis,Genetic Rare,rare,Xeroderma Pigmentosum,Xeroderma Pigmentosum,Genodermatoses,vignette
p15,Dermatologist,10+ years,,10+ years,5,14,241,3,A,"Dry, scaly, hyperkeratotic papule",A,"Dry, scaly, hyperkeratotic papule",True,A,A,True,True,True,False,True,True,False,False,3,3,True,True,diagnosis,Neoplastic,common,Squamous Cell Carcinoma,Squamous Cell Carcinoma,Malignant,short_stem
p15,Dermatologist,10+ years,,10+ years,5,15,6596,3,C,"Excision and repair of this area, ensuring clear surgical margins",C,"Excision and repair of this area, ensuring clear surgical margins",True,C,C,True,True,True,False,True,True,False,False,2,3,False,True,treatment,Neoplastic,moderate,Bowen'S Disease,Bowen's Disease,Premalignant,vignette
p15,Dermatologist,10+ years,,10+ years,5,16,1033,3,C,Oral isotretinoin,C,Oral isotretinoin,True,C,C,True,True,True,False,True,True,False,False,1,3,False,True,treatment,Inflammatory,common,Acne Vulgaris,Acne Vulgaris,Neutrophilic,vignette
p13,Dermatologist,4-9 years,,4-9 years,5,1,458,2,D,B7,D,B7,True,D,D,True,True,True,False,True,True,False,False,1,2,False,True,mechanism,Neoplastic,common,Melanoma,Melanoma,Malignant,vignette
p13,Dermatologist,4-9 years,,4-9 years,5,2,785,1,E,Coagulative necrosis surrounded by fibroblast and macrophage infiltrate,D,Ulcerated epidermis with plasma cell infiltrate,False,D,D,False,False,True,False,True,True,False,False,1,1,True,True,diagnosis,Infectious,moderate,Tertiary Syphilis (Gumma),Syphilis,Bacterial,vignette
p13,Dermatologist,4-9 years,,4-9 years,5,3,798,2,A,Squamous cell carcinoma,A,Squamous cell carcinoma,True,A,A,True,True,True,False,True,True,False,False,1,2,False,True,diagnosis,Neoplastic,common,Squamous Cell Carcinoma,Squamous Cell Carcinoma,Malignant,vignette
p13,Dermatologist,4-9 years,,4-9 years,5,4,6918,3,A,Blastomycosis,A,Blastomycosis,True,A,A,True,True,True,False,True,True,False,False,0,3,False,False,diagnosis,Infectious,rare,Blastomycosis,Blastomycosis,Fungal,vignette
p13,Dermatologist,4-9 years,,4-9 years,5,5,842,2,B,Mouse,B,Mouse,True,E,E,False,False,True,False,False,False,False,False,1,2,False,True,epidemiology,Infectious,common,Lyme Disease,Lyme Disease,Bacterial,vignette
p13,Dermatologist,4-9 years,,4-9 years,5,6,2592,1,A,PLET medium,A,PLET medium,True,D,A,False,True,True,True,False,True,True,False,0,1,False,False,diagnosis,Infectious,rare,Cutaneous Anthrax,Cutaneous Anthrax,Bacterial,short_stem
p13,Dermatologist,4-9 years,,4-9 years,5,7,2373,3,B,Chloasma,B,Chloasma,True,B,B,True,True,True,False,True,True,False,False,3,3,True,True,diagnosis,Pigmentation,common,Melasma,Melasma,Hyperpigmentation,short_stem
p13,Dermatologist,4-9 years,,4-9 years,5,8,4341,3,B,Rosacea,B,Rosacea,True,B,B,True,True,True,False,True,True,False,False,3,3,True,True,diagnosis,Inflammatory,common,Rosacea,Rosacea,Papulosquamous,short_stem
p13,Dermatologist,4-9 years,,4-9 years,5,9,407,3,B,Irreversible nuclear changes in the stratum basale,C,Increased nuclear to cytoplasmic ratio in the stratum spinosum,False,B,B,True,True,True,False,False,False,False,False,0,3,False,False,mechanism,Neoplastic,common,Squamous Cell Carcinoma In Situ,Squamous Cell Carcinoma In Situ,Premalignant,vignette
p13,Dermatologist,4-9 years,,4-9 years,5,10,320,1,D,Oral rifampicin and dapsone,D,Oral rifampicin and dapsone,True,D,D,True,True,True,False,True,True,False,False,0,1,False,False,treatment,Infectious,rare,Leprosy,Leprosy,Bacterial,vignette
p13,Dermatologist,4-9 years,,4-9 years,5,11,189,3,A,Cranial nerve palsy,A,Cranial nerve palsy,True,D,A,False,True,True,True,False,True,True,False,0,3,False,False,prognosis,Infectious,moderate,Lyme Disease,Lyme Disease,Bacterial,vignette
p13,Dermatologist,4-9 years,,4-9 years,5,12,558,3,D,Uroporphyrinogen,D,Uroporphyrinogen,True,D,D,True,True,True,False,True,True,False,False,2,3,False,True,mechanism,Metabolic Systemic,moderate,Porphyria Cutanea Tarda,Porphyria Cutanea Tarda,Systemic Disease Manifestations,vignette
p13,Dermatologist,4-9 years,,4-9 years,5,13,5633,3,D,Xeroderma pigmentosum,D,Xeroderma pigmentosum,True,D,D,True,True,True,False,True,True,False,False,3,3,True,True,diagnosis,Genetic Rare,rare,Xeroderma Pigmentosum,Xeroderma Pigmentosum,Genodermatoses,vignette
p13,Dermatologist,4-9 years,,4-9 years,5,14,241,3,A,"Dry, scaly, hyperkeratotic papule",A,"Dry, scaly, hyperkeratotic papule",True,A,A,True,True,True,False,True,True,False,False,0,3,False,False,diagnosis,Neoplastic,common,Squamous Cell Carcinoma,Squamous Cell Carcinoma,Malignant,short_stem
p13,Dermatologist,4-9 years,,4-9 years,5,15,6596,3,C,"Excision and repair of this area, ensuring clear surgical margins",C,"Excision and repair of this area, ensuring clear surgical margins",True,C,C,True,True,True,False,True,True,False,False,1,3,False,True,treatment,Neoplastic,moderate,Bowen'S Disease,Bowen's Disease,Premalignant,vignette
p13,Dermatologist,4-9 years,,4-9 years,5,16,1033,3,C,Oral isotretinoin,C,Oral isotretinoin,True,C,C,True,True,True,False,True,True,False,False,1,3,False,True,treatment,Inflammatory,common,Acne Vulgaris,Acne Vulgaris,Neutrophilic,vignette
p16,Dermatologist,10+ years,,10+ years,6,1,8526,4,B,Cushing's syndrome,B,Cushing's syndrome,True,B,B,True,True,True,False,True,True,False,False,2,4,False,True,diagnosis,Metabolic Systemic,rare,Cushing'S Syndrome,Cushing's Syndrome,Endocrine-Associated,short_stem
p16,Dermatologist,10+ years,,10+ years,6,2,234,1,D,Mycosis fungoides,D,Mycosis fungoides,True,D,D,True,True,True,False,True,True,False,False,1,1,True,True,diagnosis,Neoplastic,moderate,Mycosis Fungoides,Mycosis Fungoides,Malignant,vignette
p16,Dermatologist,10+ years,,10+ years,6,3,646,2,E,Erythromycin,E,Erythromycin,True,F,E,False,True,True,True,False,True,True,False,2,2,True,True,treatment,Infectious,rare,Bacillary Angiomatosis,Bacillary Angiomatosis,Bacterial,vignette
p16,Dermatologist,10+ years,,10+ years,6,4,575,3,A,Optic glioma,A,Optic glioma,True,D,A,False,True,True,True,False,True,True,False,1,3,False,True,epidemiology,Genetic Rare,moderate,Neurofibromatosis Type 1,Neurofibromatosis Type 1,Syndromic,vignette
p16,Dermatologist,10+ years,,10+ years,6,5,341,3,C,Local invasion via collagenase,C,Local invasion via collagenase,True,C,C,True,True,True,False,True,True,False,False,0,3,False,False,mechanism,Neoplastic,common,Basal Cell Carcinoma,Basal Cell Carcinoma,Malignant,vignette
p16,Dermatologist,10+ years,,10+ years,6,6,5160,3,A,Skin biopsy,A,Skin biopsy,True,A,A,True,True,True,False,True,True,False,False,2,3,False,True,diagnosis,Metabolic Systemic,moderate,Pellagra,Pellagra,Nutritional,vignette
p16,Dermatologist,10+ years,,10+ years,6,7,427,2,C,Permethrin,C,Permethrin,True,C,C,True,True,True,False,True,True,False,False,2,2,True,True,treatment,Infectious,common,Scabies,Scabies,Parasitic & Other,vignette
p16,Dermatologist,10+ years,,10+ years,6,8,629,3,D,Biopsy of the lesion,D,Biopsy of the lesion,True,D,D,True,True,True,False,True,True,False,False,2,3,False,True,diagnosis,Inflammatory,moderate,Lichen Sclerosus,Lichen Sclerosus,Autoimmune,vignette
p16,Dermatologist,10+ years,,10+ years,6,9,734,3,B,Irreversible nuclear changes in the stratum basale,D,Increased nuclear to cytoplasmic ratio in the stratum spinosum,False,D,D,False,False,True,False,True,True,False,False,0,3,False,False,mechanism,Neoplastic,common,Squamous Cell Carcinoma In Situ,Squamous Cell Carcinoma In Situ,Premalignant,vignette
p16,Dermatologist,10+ years,,10+ years,6,10,1397,1,A,Ash-leaf spots,B,Cafe-au-lait spots,False,A,A,True,True,True,False,False,False,False,False,0,1,False,False,diagnosis,Genetic Rare,rare,Tuberous Sclerosis Complex,Tuberous Sclerosis Complex,Syndromic,vignette
p16,Dermatologist,10+ years,,10+ years,6,11,3982,2,A,Niacin deficiency,A,Niacin deficiency,True,A,B,True,False,True,True,True,False,False,True,0,2,False,False,diagnosis,Metabolic Systemic,rare,Pellagra,Pellagra,Nutritional,short_stem
p16,Dermatologist,10+ years,,10+ years,6,12,198,1,B,Onchocerciasis,B,Onchocerciasis,True,A,B,False,True,True,True,False,True,True,False,1,1,True,True,diagnosis,Infectious,rare,Onchocerciasis,Onchocerciasis,Parasitic & Other,vignette
p16,Dermatologist,10+ years,,10+ years,6,13,1269,5,E,Malignant melanoma,E,Malignant melanoma,True,E,E,True,True,True,False,True,True,False,False,2,5,False,True,prognosis,Genetic Rare,rare,Xeroderma Pigmentosum,Xeroderma Pigmentosum,Genodermatoses,short_stem
p16,Dermatologist,10+ years,,10+ years,6,14,1250,3,E,Major depressive disorder,E,Major depressive disorder,True,E,E,True,True,True,False,True,True,False,False,2,3,False,True,diagnosis,Other,moderate,Body Dysmorphic Disorder,Body Dysmorphic Disorder,Psychocutaneous,vignette
p16,Dermatologist,10+ years,,10+ years,6,15,4797,3,A,Thymidine dimers repair,A,Thymidine dimers repair,True,A,A,True,True,True,False,True,True,False,False,2,3,False,True,mechanism,Genetic Rare,rare,Xeroderma Pigmentosum,Xeroderma Pigmentosum,Genodermatoses,short_stem
p16,Dermatologist,10+ years,,10+ years,6,16,777,4,F,Finasteride,F,Finasteride,True,F,F,True,True,True,False,True,True,False,False,2,4,False,True,treatment,Hair Nail,common,Androgenetic Alopecia,Androgenetic Alopecia,Hair Loss,vignette
p17,Dermatologist,10+ years,,10+ years,6,1,8526,4,B,Cushing's syndrome,B,Cushing's syndrome,True,B,B,True,True,True,False,True,True,False,False,2,4,False,True,diagnosis,Metabolic Systemic,rare,Cushing'S Syndrome,Cushing's Syndrome,Endocrine-Associated,short_stem
p17,Dermatologist,10+ years,,10+ years,6,2,234,1,D,Mycosis fungoides,D,Mycosis fungoides,True,D,D,True,True,True,False,True,True,False,False,1,1,True,True,diagnosis,Neoplastic,moderate,Mycosis Fungoides,Mycosis Fungoides,Malignant,vignette
p17,Dermatologist,10+ years,,10+ years,6,3,646,2,E,Erythromycin,E,Erythromycin,True,F,E,False,True,True,True,False,True,True,False,1,2,False,True,treatment,Infectious,rare,Bacillary Angiomatosis,Bacillary Angiomatosis,Bacterial,vignette
p17,Dermatologist,10+ years,,10+ years,6,4,575,3,A,Optic glioma,A,Optic glioma,True,A,A,True,True,True,False,True,True,False,False,3,3,True,True,epidemiology,Genetic Rare,moderate,Neurofibromatosis Type 1,Neurofibromatosis Type 1,Syndromic,vignette
p17,Dermatologist,10+ years,,10+ years,6,5,341,3,C,Local invasion via collagenase,C,Local invasion via collagenase,True,C,C,True,True,True,False,True,True,False,False,0,3,False,False,mechanism,Neoplastic,common,Basal Cell Carcinoma,Basal Cell Carcinoma,Malignant,vignette
p17,Dermatologist,10+ years,,10+ years,6,6,5160,3,A,Skin biopsy,A,Skin biopsy,True,A,A,True,True,True,False,True,True,False,False,2,3,False,True,diagnosis,Metabolic Systemic,moderate,Pellagra,Pellagra,Nutritional,vignette
p17,Dermatologist,10+ years,,10+ years,6,7,427,2,C,Permethrin,C,Permethrin,True,C,C,True,True,True,False,True,True,False,False,1,2,False,True,treatment,Infectious,common,Scabies,Scabies,Parasitic & Other,vignette
p17,Dermatologist,10+ years,,10+ years,6,8,629,3,D,Biopsy of the lesion,D,Biopsy of the lesion,True,D,D,True,True,True,False,True,True,False,False,1,3,False,True,diagnosis,Inflammatory,moderate,Lichen Sclerosus,Lichen Sclerosus,Autoimmune,vignette
p17,Dermatologist,10+ years,,10+ years,6,9,734,3,B,Irreversible nuclear changes in the stratum basale,D,Increased nuclear to cytoplasmic ratio in the stratum spinosum,False,A,A,False,False,True,False,False,False,False,False,0,3,False,False,mechanism,Neoplastic,common,Squamous Cell Carcinoma In Situ,Squamous Cell Carcinoma In Situ,Premalignant,vignette
p17,Dermatologist,10+ years,,10+ years,6,10,1397,1,A,Ash-leaf spots,B,Cafe-au-lait spots,False,A,B,True,False,True,True,False,True,True,False,1,1,True,True,diagnosis,Genetic Rare,rare,Tuberous Sclerosis Complex,Tuberous Sclerosis Complex,Syndromic,vignette
p17,Dermatologist,10+ years,,10+ years,6,11,3982,2,A,Niacin deficiency,A,Niacin deficiency,True,A,A,True,True,True,False,True,True,False,False,2,2,True,True,diagnosis,Metabolic Systemic,rare,Pellagra,Pellagra,Nutritional,short_stem
p17,Dermatologist,10+ years,,10+ years,6,12,198,1,B,Onchocerciasis,B,Onchocerciasis,True,A,B,False,True,True,True,False,True,True,False,1,1,True,True,diagnosis,Infectious,rare,Onchocerciasis,Onchocerciasis,Parasitic & Other,vignette
p17,Dermatologist,10+ years,,10+ years,6,13,1269,5,E,Malignant melanoma,E,Malignant melanoma,True,A,E,False,True,True,True,False,True,True,False,5,5,True,True,prognosis,Genetic Rare,rare,Xeroderma Pigmentosum,Xeroderma Pigmentosum,Genodermatoses,short_stem
p17,Dermatologist,10+ years,,10+ years,6,14,1250,3,E,Major depressive disorder,E,Major depressive disorder,True,E,E,True,True,True,False,True,True,False,False,1,3,False,True,diagnosis,Other,moderate,Body Dysmorphic Disorder,Body Dysmorphic Disorder,Psychocutaneous,vignette
p17,Dermatologist,10+ years,,10+ years,6,15,4797,3,A,Thymidine dimers repair,A,Thymidine dimers repair,True,C,A,False,True,True,True,False,True,True,False,0,3,False,False,mechanism,Genetic Rare,rare,Xeroderma Pigmentosum,Xeroderma Pigmentosum,Genodermatoses,short_stem
p17,Dermatologist,10+ years,,10+ years,6,16,777,4,F,Finasteride,F,Finasteride,True,F,F,True,True,True,False,True,True,False,False,2,4,False,True,treatment,Hair Nail,common,Androgenetic Alopecia,Androgenetic Alopecia,Hair Loss,vignette
p18,Dermatology resident,,,,6,1,8526,4,B,Cushing's syndrome,B,Cushing's syndrome,True,B,B,True,True,True,False,True,True,False,False,1,4,False,True,diagnosis,Metabolic Systemic,rare,Cushing'S Syndrome,Cushing's Syndrome,Endocrine-Associated,short_stem
p18,Dermatology resident,,,,6,2,234,1,D,Mycosis fungoides,D,Mycosis fungoides,True,D,D,True,True,True,False,True,True,False,False,1,1,True,True,diagnosis,Neoplastic,moderate,Mycosis Fungoides,Mycosis Fungoides,Malignant,vignette
p18,Dermatology resident,,,,6,3,646,2,E,Erythromycin,E,Erythromycin,True,E,E,True,True,True,False,True,True,False,False,2,2,True,True,treatment,Infectious,rare,Bacillary Angiomatosis,Bacillary Angiomatosis,Bacterial,vignette
p18,Dermatology resident,,,,6,4,575,3,A,Optic glioma,A,Optic glioma,True,A,A,True,True,True,False,True,True,False,False,3,3,True,True,epidemiology,Genetic Rare,moderate,Neurofibromatosis Type 1,Neurofibromatosis Type 1,Syndromic,vignette
p18,Dermatology resident,,,,6,5,341,3,C,Local invasion via collagenase,C,Local invasion via collagenase,True,B,B,False,False,True,False,False,False,False,False,2,3,False,True,mechanism,Neoplastic,common,Basal Cell Carcinoma,Basal Cell Carcinoma,Malignant,vignette
p18,Dermatology resident,,,,6,6,5160,3,A,Skin biopsy,A,Skin biopsy,True,C,A,False,True,True,True,False,True,True,False,2,3,False,True,diagnosis,Metabolic Systemic,moderate,Pellagra,Pellagra,Nutritional,vignette
p18,Dermatology resident,,,,6,7,427,2,C,Permethrin,C,Permethrin,True,C,C,True,True,True,False,True,True,False,False,1,2,False,True,treatment,Infectious,common,Scabies,Scabies,Parasitic & Other,vignette
p18,Dermatology resident,,,,6,8,629,3,D,Biopsy of the lesion,D,Biopsy of the lesion,True,B,B,False,False,True,False,False,False,False,False,2,3,False,True,diagnosis,Inflammatory,moderate,Lichen Sclerosus,Lichen Sclerosus,Autoimmune,vignette
p18,Dermatology resident,,,,6,9,734,3,B,Irreversible nuclear changes in the stratum basale,D,Increased nuclear to cytoplasmic ratio in the stratum spinosum,False,D,D,False,False,True,False,True,True,False,False,1,3,False,True,mechanism,Neoplastic,common,Squamous Cell Carcinoma In Situ,Squamous Cell Carcinoma In Situ,Premalignant,vignette
p18,Dermatology resident,,,,6,10,1397,1,A,Ash-leaf spots,B,Cafe-au-lait spots,False,A,A,True,True,True,False,False,False,False,False,0,1,False,False,diagnosis,Genetic Rare,rare,Tuberous Sclerosis Complex,Tuberous Sclerosis Complex,Syndromic,vignette
p18,Dermatology resident,,,,6,11,3982,2,A,Niacin deficiency,A,Niacin deficiency,True,A,A,True,True,True,False,True,True,False,False,2,2,True,True,diagnosis,Metabolic Systemic,rare,Pellagra,Pellagra,Nutritional,short_stem
p18,Dermatology resident,,,,6,12,198,1,B,Onchocerciasis,B,Onchocerciasis,True,B,B,True,True,True,False,True,True,False,False,1,1,True,True,diagnosis,Infectious,rare,Onchocerciasis,Onchocerciasis,Parasitic & Other,vignette
p18,Dermatology resident,,,,6,13,1269,5,E,Malignant melanoma,E,Malignant melanoma,True,E,E,True,True,True,False,True,True,False,False,2,5,False,True,prognosis,Genetic Rare,rare,Xeroderma Pigmentosum,Xeroderma Pigmentosum,Genodermatoses,short_stem
p18,Dermatology resident,,,,6,14,1250,3,E,Major depressive disorder,E,Major depressive disorder,True,E,E,True,True,True,False,True,True,False,False,2,3,False,True,diagnosis,Other,moderate,Body Dysmorphic Disorder,Body Dysmorphic Disorder,Psychocutaneous,vignette
p18,Dermatology resident,,,,6,15,4797,3,A,Thymidine dimers repair,A,Thymidine dimers repair,True,A,A,True,True,True,False,True,True,False,False,1,3,False,True,mechanism,Genetic Rare,rare,Xeroderma Pigmentosum,Xeroderma Pigmentosum,Genodermatoses,short_stem
p18,Dermatology resident,,,,6,16,777,4,F,Finasteride,F,Finasteride,True,F,F,True,True,True,False,True,True,False,False,3,4,False,True,treatment,Hair Nail,common,Androgenetic Alopecia,Androgenetic Alopecia,Hair Loss,vignette
p20,Dermatologist,10+ years,,10+ years,7,1,10,2,A,Squamous cell carcinoma,A,Squamous cell carcinoma,True,A,A,True,True,True,False,True,True,False,False,0,2,False,False,diagnosis,Neoplastic,common,Squamous Cell Carcinoma,Squamous Cell Carcinoma,Malignant,vignette
p20,Dermatologist,10+ years,,10+ years,7,2,1974,2,A,Peutz-Jeghers Syndrome,A,Peutz-Jeghers Syndrome,True,A,A,True,True,True,False,True,True,False,False,1,2,False,True,diagnosis,Genetic Rare,rare,Peutz-Jeghers Syndrome,Peutz-Jeghers Syndrome,Syndromic,short_stem
p20,Dermatologist,10+ years,,10+ years,7,3,1211,1,A,Malassezia yeast,A,Malassezia yeast,True,A,A,True,True,True,False,True,True,False,False,0,1,False,False,diagnosis,Infectious,common,Tinea Versicolor,Tinea Versicolor,Fungal,vignette
p20,Dermatologist,10+ years,,10+ years,7,4,125,2,A,Uroporphyrinogen III,C,Porphobilinogen,False,A,A,True,True,True,False,False,False,False,False,1,2,False,True,mechanism,Metabolic Systemic,moderate,Porphyria Cutanea Tarda,Porphyria Cutanea Tarda,Systemic Disease Manifestations,vignette
p20,Dermatologist,10+ years,,10+ years,7,5,1328,4,E,Uroporphyrinogen,E,Uroporphyrinogen,True,E,E,True,True,True,False,True,True,False,False,1,4,False,True,mechanism,Metabolic Systemic,moderate,Porphyria Cutanea Tarda,Porphyria Cutanea Tarda,Systemic Disease Manifestations,vignette
p20,Dermatologist,10+ years,,10+ years,7,6,621,2,D,Surgical excision with 1-2 cm safety margins and sentinel lymph node study,D,Surgical excision with 1-2 cm safety margins and sentinel lymph node study,True,D,D,True,True,True,False,True,True,False,False,2,2,True,True,treatment,Neoplastic,common,Superficial Spreading Melanoma,Superficial Spreading Melanoma,Malignant,vignette
p20,Dermatologist,10+ years,,10+ years,7,7,1260,4,B,"Dry, scaly, hyperkeratotic papule",B,"Dry, scaly, hyperkeratotic papule",True,C,C,False,False,True,False,False,False,False,False,4,4,True,True,diagnosis,Neoplastic,common,Squamous Cell Carcinoma,Squamous Cell Carcinoma,Malignant,short_stem
p20,Dermatologist,10+ years,,10+ years,7,8,780,2,E,Ovarian adenocarcinoma,E,Ovarian adenocarcinoma,True,B,E,False,True,True,True,False,True,True,False,1,2,False,True,epidemiology,Inflammatory,moderate,Dermatomyositis,Dermatomyositis,Autoimmune,vignette
p20,Dermatologist,10+ years,,10+ years,7,9,1091,3,F,Depth of invasion of atypical cells,F,Depth of invasion of atypical cells,True,D,F,False,True,True,True,False,True,True,False,2,3,False,True,prognosis,Neoplastic,common,Melanoma,Melanoma,Malignant,short_stem
p20,Dermatologist,10+ years,,10+ years,7,10,1227,2,A,Wiskott-Aldrich syndrome,A,Wiskott-Aldrich syndrome,True,C,A,False,True,True,True,False,True,True,False,2,2,True,True,diagnosis,Genetic Rare,rare,Wiskott-Aldrich Syndrome,Wiskott-Aldrich Syndrome,Syndromic,vignette
p20,Dermatologist,10+ years,,10+ years,7,11,1114,2,D,Local invasion via collagenase,D,Local invasion via collagenase,True,D,D,True,True,True,False,True,True,False,False,0,2,False,False,mechanism,Neoplastic,common,Basal Cell Carcinoma,Basal Cell Carcinoma,Malignant,vignette
p20,Dermatologist,10+ years,,10+ years,7,12,590,3,D,Cryotherapy,D,Cryotherapy,True,D,D,True,True,True,False,True,True,False,False,0,3,False,False,treatment,Infectious,common,Condyloma Acuminata,Condylomata Acuminata,Viral,vignette
p20,Dermatologist,10+ years,,10+ years,7,13,7906,4,A,Sweet syndrome,A,Sweet syndrome,True,A,A,True,True,True,False,True,True,False,False,2,4,False,True,diagnosis,Inflammatory,moderate,Sweet Syndrome,Sweet's Syndrome,Neutrophilic,short_stem
p20,Dermatologist,10+ years,,10+ years,7,14,669,2,F,Wiskott-Aldrich syndrome,F,Wiskott-Aldrich syndrome,True,E,F,False,True,True,True,False,True,True,False,1,2,False,True,diagnosis,Genetic Rare,rare,Wiskott-Aldrich Syndrome,Wiskott-Aldrich Syndrome,Syndromic,vignette
p20,Dermatologist,10+ years,,10+ years,7,15,295,3,D,Topical emollient,D,Topical emollient,True,D,D,True,True,True,False,True,True,False,False,2,3,False,True,treatment,Inflammatory,common,Atopic Dermatitis,Atopic Dermatitis,Eczematous,vignette
p20,Dermatologist,10+ years,,10+ years,7,16,775,2,F,Human herpes virus 8,D,Bartonella henselae,False,B,D,False,False,True,True,False,True,True,False,0,2,False,False,diagnosis,Neoplastic,moderate,Kaposi Sarcoma,Kaposi Sarcoma,Vascular Tumours,vignette
p19,Dermatologist,10+ years,,10+ years,7,1,10,2,A,Squamous cell carcinoma,A,Squamous cell carcinoma,True,A,A,True,True,True,False,True,True,False,False,1,2,False,True,diagnosis,Neoplastic,common,Squamous Cell Carcinoma,Squamous Cell Carcinoma,Malignant,vignette
p19,Dermatologist,10+ years,,10+ years,7,2,1974,2,A,Peutz-Jeghers Syndrome,A,Peutz-Jeghers Syndrome,True,A,A,True,True,True,False,True,True,False,False,1,2,False,True,diagnosis,Genetic Rare,rare,Peutz-Jeghers Syndrome,Peutz-Jeghers Syndrome,Syndromic,short_stem
p19,Dermatologist,10+ years,,10+ years,7,3,1211,1,A,Malassezia yeast,A,Malassezia yeast,True,A,A,True,True,True,False,True,True,False,False,0,1,False,False,diagnosis,Infectious,common,Tinea Versicolor,Tinea Versicolor,Fungal,vignette
p19,Dermatologist,10+ years,,10+ years,7,4,125,2,A,Uroporphyrinogen III,C,Porphobilinogen,False,A,A,True,True,True,False,False,False,False,False,1,2,False,True,mechanism,Metabolic Systemic,moderate,Porphyria Cutanea Tarda,Porphyria Cutanea Tarda,Systemic Disease Manifestations,vignette
p19,Dermatologist,10+ years,,10+ years,7,5,1328,4,E,Uroporphyrinogen,E,Uroporphyrinogen,True,E,E,True,True,True,False,True,True,False,False,2,4,False,True,mechanism,Metabolic Systemic,moderate,Porphyria Cutanea Tarda,Porphyria Cutanea Tarda,Systemic Disease Manifestations,vignette
p19,Dermatologist,10+ years,,10+ years,7,6,621,2,D,Surgical excision with 1-2 cm safety margins and sentinel lymph node study,D,Surgical excision with 1-2 cm safety margins and sentinel lymph node study,True,E,D,False,True,True,True,False,True,True,False,2,2,True,True,treatment,Neoplastic,common,Superficial Spreading Melanoma,Superficial Spreading Melanoma,Malignant,vignette
p19,Dermatologist,10+ years,,10+ years,7,7,1260,4,B,"Dry, scaly, hyperkeratotic papule",B,"Dry, scaly, hyperkeratotic papule",True,B,B,True,True,True,False,True,True,False,False,3,4,False,True,diagnosis,Neoplastic,common,Squamous Cell Carcinoma,Squamous Cell Carcinoma,Malignant,short_stem
p19,Dermatologist,10+ years,,10+ years,7,8,780,2,E,Ovarian adenocarcinoma,E,Ovarian adenocarcinoma,True,E,E,True,True,True,False,True,True,False,False,1,2,False,True,epidemiology,Inflammatory,moderate,Dermatomyositis,Dermatomyositis,Autoimmune,vignette
p19,Dermatologist,10+ years,,10+ years,7,9,1091,3,F,Depth of invasion of atypical cells,F,Depth of invasion of atypical cells,True,F,F,True,True,True,False,True,True,False,False,2,3,False,True,prognosis,Neoplastic,common,Melanoma,Melanoma,Malignant,short_stem
p19,Dermatologist,10+ years,,10+ years,7,10,1227,2,A,Wiskott-Aldrich syndrome,A,Wiskott-Aldrich syndrome,True,A,A,True,True,True,False,True,True,False,False,2,2,True,True,diagnosis,Genetic Rare,rare,Wiskott-Aldrich Syndrome,Wiskott-Aldrich Syndrome,Syndromic,vignette
p19,Dermatologist,10+ years,,10+ years,7,11,1114,2,D,Local invasion via collagenase,D,Local invasion via collagenase,True,D,D,True,True,True,False,True,True,False,False,0,2,False,False,mechanism,Neoplastic,common,Basal Cell Carcinoma,Basal Cell Carcinoma,Malignant,vignette
p19,Dermatologist,10+ years,,10+ years,7,12,590,3,D,Cryotherapy,D,Cryotherapy,True,C,D,False,True,True,True,False,True,True,False,0,3,False,False,treatment,Infectious,common,Condyloma Acuminata,Condylomata Acuminata,Viral,vignette
p19,Dermatologist,10+ years,,10+ years,7,13,7906,4,A,Sweet syndrome,A,Sweet syndrome,True,A,A,True,True,True,False,True,True,False,False,4,4,True,True,diagnosis,Inflammatory,moderate,Sweet Syndrome,Sweet's Syndrome,Neutrophilic,short_stem
p19,Dermatologist,10+ years,,10+ years,7,14,669,2,F,Wiskott-Aldrich syndrome,F,Wiskott-Aldrich syndrome,True,D,F,False,True,True,True,False,True,True,False,2,2,True,True,diagnosis,Genetic Rare,rare,Wiskott-Aldrich Syndrome,Wiskott-Aldrich Syndrome,Syndromic,vignette
p19,Dermatologist,10+ years,,10+ years,7,15,295,3,D,Topical emollient,D,Topical emollient,True,D,D,True,True,True,False,True,True,False,False,2,3,False,True,treatment,Inflammatory,common,Atopic Dermatitis,Atopic Dermatitis,Eczematous,vignette
p19,Dermatologist,10+ years,,10+ years,7,16,775,2,F,Human herpes virus 8,D,Bartonella henselae,False,F,D,True,False,True,True,False,True,True,False,1,2,False,True,diagnosis,Neoplastic,moderate,Kaposi Sarcoma,Kaposi Sarcoma,Vascular Tumours,vignette
p21,Dermatologist,1-3 years,,1-3 years,7,1,10,2,A,Squamous cell carcinoma,A,Squamous cell carcinoma,True,A,A,True,True,True,False,True,True,False,False,1,2,False,True,diagnosis,Neoplastic,common,Squamous Cell Carcinoma,Squamous Cell Carcinoma,Malignant,vignette
p21,Dermatologist,1-3 years,,1-3 years,7,2,1974,2,A,Peutz-Jeghers Syndrome,A,Peutz-Jeghers Syndrome,True,A,A,True,True,True,False,True,True,False,False,1,2,False,True,diagnosis,Genetic Rare,rare,Peutz-Jeghers Syndrome,Peutz-Jeghers Syndrome,Syndromic,short_stem
p21,Dermatologist,1-3 years,,1-3 years,7,3,1211,1,A,Malassezia yeast,A,Malassezia yeast,True,A,A,True,True,True,False,True,True,False,False,0,1,False,False,diagnosis,Infectious,common,Tinea Versicolor,Tinea Versicolor,Fungal,vignette
p21,Dermatologist,1-3 years,,1-3 years,7,4,125,2,A,Uroporphyrinogen III,C,Porphobilinogen,False,C,B,False,False,True,True,True,False,False,True,0,2,False,False,mechanism,Metabolic Systemic,moderate,Porphyria Cutanea Tarda,Porphyria Cutanea Tarda,Systemic Disease Manifestations,vignette
p21,Dermatologist,1-3 years,,1-3 years,7,5,1328,4,E,Uroporphyrinogen,E,Uroporphyrinogen,True,D,D,False,False,True,False,False,False,False,False,1,4,False,True,mechanism,Metabolic Systemic,moderate,Porphyria Cutanea Tarda,Porphyria Cutanea Tarda,Systemic Disease Manifestations,vignette
p21,Dermatologist,1-3 years,,1-3 years,7,6,621,2,D,Surgical excision with 1-2 cm safety margins and sentinel lymph node study,D,Surgical excision with 1-2 cm safety margins and sentinel lymph node study,True,D,D,True,True,True,False,True,True,False,False,2,2,True,True,treatment,Neoplastic,common,Superficial Spreading Melanoma,Superficial Spreading Melanoma,Malignant,vignette
p21,Dermatologist,1-3 years,,1-3 years,7,7,1260,4,B,"Dry, scaly, hyperkeratotic papule",B,"Dry, scaly, hyperkeratotic papule",True,B,E,True,False,True,True,True,False,False,True,0,4,False,False,diagnosis,Neoplastic,common,Squamous Cell Carcinoma,Squamous Cell Carcinoma,Malignant,short_stem
p21,Dermatologist,1-3 years,,1-3 years,7,8,780,2,E,Ovarian adenocarcinoma,E,Ovarian adenocarcinoma,True,E,E,True,True,True,False,True,True,False,False,1,2,False,True,epidemiology,Inflammatory,moderate,Dermatomyositis,Dermatomyositis,Autoimmune,vignette
p21,Dermatologist,1-3 years,,1-3 years,7,9,1091,3,F,Depth of invasion of atypical cells,F,Depth of invasion of atypical cells,True,F,F,True,True,True,False,True,True,False,False,1,3,False,True,prognosis,Neoplastic,common,Melanoma,Melanoma,Malignant,short_stem
p21,Dermatologist,1-3 years,,1-3 years,7,10,1227,2,A,Wiskott-Aldrich syndrome,A,Wiskott-Aldrich syndrome,True,C,A,False,True,True,True,False,True,True,False,2,2,True,True,diagnosis,Genetic Rare,rare,Wiskott-Aldrich Syndrome,Wiskott-Aldrich Syndrome,Syndromic,vignette
p21,Dermatologist,1-3 years,,1-3 years,7,11,1114,2,D,Local invasion via collagenase,D,Local invasion via collagenase,True,D,D,True,True,True,False,True,True,False,False,0,2,False,False,mechanism,Neoplastic,common,Basal Cell Carcinoma,Basal Cell Carcinoma,Malignant,vignette
p21,Dermatologist,1-3 years,,1-3 years,7,12,590,3,D,Cryotherapy,D,Cryotherapy,True,D,D,True,True,True,False,True,True,False,False,0,3,False,False,treatment,Infectious,common,Condyloma Acuminata,Condylomata Acuminata,Viral,vignette
p21,Dermatologist,1-3 years,,1-3 years,7,13,7906,4,A,Sweet syndrome,A,Sweet syndrome,True,A,A,True,True,True,False,True,True,False,False,2,4,False,True,diagnosis,Inflammatory,moderate,Sweet Syndrome,Sweet's Syndrome,Neutrophilic,short_stem
p21,Dermatologist,1-3 years,,1-3 years,7,14,669,2,F,Wiskott-Aldrich syndrome,F,Wiskott-Aldrich syndrome,True,B,F,False,True,True,True,False,True,True,False,2,2,True,True,diagnosis,Genetic Rare,rare,Wiskott-Aldrich Syndrome,Wiskott-Aldrich Syndrome,Syndromic,vignette
p21,Dermatologist,1-3 years,,1-3 years,7,15,295,3,D,Topical emollient,D,Topical emollient,True,D,D,True,True,True,False,True,True,False,False,2,3,False,True,treatment,Inflammatory,common,Atopic Dermatitis,Atopic Dermatitis,Eczematous,vignette
p21,Dermatologist,1-3 years,,1-3 years,7,16,775,2,F,Human herpes virus 8,D,Bartonella henselae,False,G,G,False,False,True,False,False,False,False,False,0,2,False,False,diagnosis,Neoplastic,moderate,Kaposi Sarcoma,Kaposi Sarcoma,Vascular Tumours,vignette
p24,Dermatologist,10+ years,,10+ years,8,1,8301,2,A,Bot fly,B,Cutaneous leishmaniasis,False,B,B,False,False,True,False,True,True,False,False,0,2,False,False,diagnosis,Infectious,rare,Myiasis (Bot Fly),Myiasis,Parasitic & Other,short_stem
p24,Dermatologist,10+ years,,10+ years,8,2,440,3,D,Th1-induced macrophage activation,D,Th1-induced macrophage activation,True,B,B,False,False,True,False,False,False,False,False,0,3,False,False,mechanism,Inflammatory,moderate,Graft Rejection (Acute Cellular Rejection),Graft Rejection,Autoimmune,vignette
p24,Dermatologist,10+ years,,10+ years,8,3,2591,3,B,Oral isotretinoin,B,Oral isotretinoin,True,B,B,True,True,True,False,True,True,False,False,2,3,False,True,treatment,Inflammatory,common,Acne Vulgaris,Acne Vulgaris,Neutrophilic,short_stem
p24,Dermatologist,10+ years,,10+ years,8,4,9187,4,C,Human papilloma virus,C,Human papilloma virus,True,C,C,True,True,True,False,True,True,False,False,1,4,False,True,diagnosis,Infectious,common,Condyloma Acuminata,Condylomata Acuminata,Viral,short_stem
p24,Dermatologist,10+ years,,10+ years,8,5,1087,3,E,Interferon (IFN) gamma production by CD4+ T cells in the skin,A,Tumor necrosis factor (TNF) alpha production by CD4+ T cells in the skin,False,E,E,True,True,True,False,False,False,False,False,0,3,False,False,mechanism,Inflammatory,moderate,Erythema Multiforme,Erythema Multiforme,Vascular & Urticarial,vignette
p24,Dermatologist,10+ years,,10+ years,8,6,7524,4,C,Ivermectin 200mcg/kg BW,C,Ivermectin 200mcg/kg BW,True,C,C,True,True,True,False,True,True,False,False,2,4,False,True,treatment,Infectious,common,Scabies,Scabies,Parasitic & Other,short_stem
p24,Dermatologist,10+ years,,10+ years,8,7,1526,1,A,Colonic polyps,A,Colonic polyps,True,A,A,True,True,True,False,True,True,False,False,1,1,True,True,diagnosis,Genetic Rare,rare,Peutz-Jeghers Syndrome,Peutz-Jeghers Syndrome,Syndromic,short_stem
p24,Dermatologist,10+ years,,10+ years,8,8,2007,4,D,Rosacea,D,Rosacea,True,D,D,True,True,True,False,True,True,False,False,1,4,False,True,diagnosis,Inflammatory,common,Rosacea,Rosacea,Papulosquamous,vignette
p24,Dermatologist,10+ years,,10+ years,8,9,3529,2,B,Xeroderma pigmentosum (XP),B,Xeroderma pigmentosum (XP),True,B,B,True,True,True,False,True,True,False,False,2,2,True,True,diagnosis,Genetic Rare,rare,Xeroderma Pigmentosum,Xeroderma Pigmentosum,Genodermatoses,short_stem
p24,Dermatologist,10+ years,,10+ years,8,10,224,3,B,Coronary artery aneurysms,B,Coronary artery aneurysms,True,D,B,False,True,True,True,False,True,True,False,1,3,False,True,prognosis,Inflammatory,moderate,Kawasaki Disease,Kawasaki Disease,Vascular & Urticarial,vignette
p24,Dermatologist,10+ years,,10+ years,8,11,555,1,A,Both copies of the gene encoding the target are non-functional in tumors,A,Both copies of the gene encoding the target are non-functional in tumors,True,C,C,False,False,True,False,False,False,False,False,0,1,False,False,mechanism,Neoplastic,common,Melanoma,Melanoma,Malignant,vignette
p24,Dermatologist,10+ years,,10+ years,8,12,582,2,B,Avoid meat,B,Avoid meat,True,D,B,False,True,True,True,False,True,True,False,0,2,False,False,treatment,Metabolic Systemic,rare,Phenylketonuria,Phenylketonuria,Nutritional,vignette
p24,Dermatologist,10+ years,,10+ years,8,13,7026,2,C,Congenital epidermolysis bullosa,C,Congenital epidermolysis bullosa,True,C,C,True,True,True,False,True,True,False,False,2,2,True,True,diagnosis,Genetic Rare,rare,Epidermolysis Bullosa,Epidermolysis Bullosa,Genodermatoses,short_stem
p24,Dermatologist,10+ years,,10+ years,8,14,6710,3,C,Multiple cutaneous and subcutaneous tumors,C,Multiple cutaneous and subcutaneous tumors,True,C,C,True,True,True,False,True,True,False,False,3,3,True,True,epidemiology,Genetic Rare,moderate,Neurofibromatosis Type 1,Neurofibromatosis Type 1,Syndromic,short_stem
p24,Dermatologist,10+ years,,10+ years,8,15,560,3,A,Retinol,A,Retinol,True,A,A,True,True,True,False,True,True,False,False,0,3,False,False,diagnosis,Metabolic Systemic,moderate,Vitamin A Deficiency,Vitamin A Deficiency,Nutritional,vignette
p24,Dermatologist,10+ years,,10+ years,8,16,6851,1,A,Alopecia areata,A,Alopecia areata,True,A,A,True,True,True,False,True,True,False,False,0,1,False,False,diagnosis,Hair Nail,moderate,Alopecia Areata,Alopecia Areata,Hair Loss,short_stem
p23,Dermatologist,10+ years,,10+ years,8,1,8301,2,A,Bot fly,B,Cutaneous leishmaniasis,False,B,B,False,False,True,False,True,True,False,False,2,2,True,True,diagnosis,Infectious,rare,Myiasis (Bot Fly),Myiasis,Parasitic & Other,short_stem
p23,Dermatologist,10+ years,,10+ years,8,2,440,3,D,Th1-induced macrophage activation,D,Th1-induced macrophage activation,True,D,D,True,True,True,False,True,True,False,False,1,3,False,True,mechanism,Inflammatory,moderate,Graft Rejection (Acute Cellular Rejection),Graft Rejection,Autoimmune,vignette
p23,Dermatologist,10+ years,,10+ years,8,3,2591,3,B,Oral isotretinoin,B,Oral isotretinoin,True,B,B,True,True,True,False,True,True,False,False,2,3,False,True,treatment,Inflammatory,common,Acne Vulgaris,Acne Vulgaris,Neutrophilic,short_stem
p23,Dermatologist,10+ years,,10+ years,8,4,9187,4,C,Human papilloma virus,C,Human papilloma virus,True,C,C,True,True,True,False,True,True,False,False,3,4,False,True,diagnosis,Infectious,common,Condyloma Acuminata,Condylomata Acuminata,Viral,short_stem
p23,Dermatologist,10+ years,,10+ years,8,5,1087,3,E,Interferon (IFN) gamma production by CD4+ T cells in the skin,A,Tumor necrosis factor (TNF) alpha production by CD4+ T cells in the skin,False,E,A,True,False,True,True,False,True,True,False,2,3,False,True,mechanism,Inflammatory,moderate,Erythema Multiforme,Erythema Multiforme,Vascular & Urticarial,vignette
p23,Dermatologist,10+ years,,10+ years,8,6,7524,4,C,Ivermectin 200mcg/kg BW,C,Ivermectin 200mcg/kg BW,True,C,C,True,True,True,False,True,True,False,False,4,4,True,True,treatment,Infectious,common,Scabies,Scabies,Parasitic & Other,short_stem
p23,Dermatologist,10+ years,,10+ years,8,7,1526,1,A,Colonic polyps,A,Colonic polyps,True,A,A,True,True,True,False,True,True,False,False,1,1,True,True,diagnosis,Genetic Rare,rare,Peutz-Jeghers Syndrome,Peutz-Jeghers Syndrome,Syndromic,short_stem
p23,Dermatologist,10+ years,,10+ years,8,8,2007,4,D,Rosacea,D,Rosacea,True,D,D,True,True,True,False,True,True,False,False,4,4,True,True,diagnosis,Inflammatory,common,Rosacea,Rosacea,Papulosquamous,vignette
p23,Dermatologist,10+ years,,10+ years,8,9,3529,2,B,Xeroderma pigmentosum (XP),B,Xeroderma pigmentosum (XP),True,B,B,True,True,True,False,True,True,False,False,2,2,True,True,diagnosis,Genetic Rare,rare,Xeroderma Pigmentosum,Xeroderma Pigmentosum,Genodermatoses,short_stem
p23,Dermatologist,10+ years,,10+ years,8,10,224,3,B,Coronary artery aneurysms,B,Coronary artery aneurysms,True,C,B,False,True,True,True,False,True,True,False,2,3,False,True,prognosis,Inflammatory,moderate,Kawasaki Disease,Kawasaki Disease,Vascular & Urticarial,vignette
p23,Dermatologist,10+ years,,10+ years,8,11,555,1,A,Both copies of the gene encoding the target are non-functional in tumors,A,Both copies of the gene encoding the target are non-functional in tumors,True,D,A,False,True,True,True,False,True,True,False,1,1,True,True,mechanism,Neoplastic,common,Melanoma,Melanoma,Malignant,vignette
p23,Dermatologist,10+ years,,10+ years,8,12,582,2,B,Avoid meat,B,Avoid meat,True,B,B,True,True,True,False,True,True,False,False,2,2,True,True,treatment,Metabolic Systemic,rare,Phenylketonuria,Phenylketonuria,Nutritional,vignette
p23,Dermatologist,10+ years,,10+ years,8,13,7026,2,C,Congenital epidermolysis bullosa,C,Congenital epidermolysis bullosa,True,D,C,False,True,True,True,False,True,True,False,2,2,True,True,diagnosis,Genetic Rare,rare,Epidermolysis Bullosa,Epidermolysis Bullosa,Genodermatoses,short_stem
p23,Dermatologist,10+ years,,10+ years,8,14,6710,3,C,Multiple cutaneous and subcutaneous tumors,C,Multiple cutaneous and subcutaneous tumors,True,C,C,True,True,True,False,True,True,False,False,3,3,True,True,epidemiology,Genetic Rare,moderate,Neurofibromatosis Type 1,Neurofibromatosis Type 1,Syndromic,short_stem
p23,Dermatologist,10+ years,,10+ years,8,15,560,3,A,Retinol,A,Retinol,True,A,A,True,True,True,False,True,True,False,False,1,3,False,True,diagnosis,Metabolic Systemic,moderate,Vitamin A Deficiency,Vitamin A Deficiency,Nutritional,vignette
p23,Dermatologist,10+ years,,10+ years,8,16,6851,1,A,Alopecia areata,A,Alopecia areata,True,A,A,True,True,True,False,True,True,False,False,1,1,True,True,diagnosis,Hair Nail,moderate,Alopecia Areata,Alopecia Areata,Hair Loss,short_stem
p27,Dermatologist,10+ years,,10+ years,9,1,1930,1,C,syphilis,C,syphilis,True,C,C,True,True,True,False,True,True,False,False,1,1,True,True,diagnosis,Infectious,moderate,Syphilis,Syphilis,Bacterial,vignette
p27,Dermatologist,10+ years,,10+ years,9,2,3309,3,B,Behcet disease,B,Behcet disease,True,B,B,True,True,True,False,True,True,False,False,3,3,True,True,diagnosis,Inflammatory,moderate,Behcet Disease,Behçet's Disease,Neutrophilic,short_stem
p27,Dermatologist,10+ years,,10+ years,9,3,2222,3,C,Dermatitis herpetiformis,C,Dermatitis herpetiformis,True,C,C,True,True,True,False,True,True,False,False,3,3,True,True,diagnosis,Inflammatory,moderate,Dermatitis Herpetiformis,Dermatitis Herpetiformis,Autoimmune,vignette
p27,Dermatologist,10+ years,,10+ years,9,4,1318,3,D,Medication,B,Enzyme inhibition,False,C,C,False,False,True,False,False,False,False,False,0,3,False,False,diagnosis,Pigmentation,moderate,Melasma,Melasma,Hyperpigmentation,vignette
p27,Dermatologist,10+ years,,10+ years,9,5,6707,3,A,Autosomal dominant,A,Autosomal dominant,True,B,A,False,True,True,True,False,True,True,False,3,3,True,True,epidemiology,Genetic Rare,moderate,Neurofibromatosis Type 1,Neurofibromatosis Type 1,Syndromic,vignette
p27,Dermatologist,10+ years,,10+ years,9,6,2781,4,C,Xeroderma pigmentosum,C,Xeroderma pigmentosum,True,C,C,True,True,True,False,True,True,False,False,3,4,False,True,diagnosis,Genetic Rare,rare,Xeroderma Pigmentosum,Xeroderma Pigmentosum,Genodermatoses,vignette
p27,Dermatologist,10+ years,,10+ years,9,7,131,2,B,Saddle nose,B,Saddle nose,True,C,B,False,True,True,True,False,True,True,False,1,2,False,True,prognosis,Infectious,moderate,Congenital Syphilis,Congenital Syphilis,Bacterial,vignette
p27,Dermatologist,10+ years,,10+ years,9,8,325,1,B,CD1a,B,CD1a,True,B,A,True,False,True,True,True,False,False,True,1,1,True,True,diagnosis,Neoplastic,rare,Langerhans Cell Histiocytosis,Langerhans Cell Histiocytosis,Malignant,vignette
p27,Dermatologist,10+ years,,10+ years,9,9,250,3,D,Polyclonal T cell activation,D,Polyclonal T cell activation,True,A,A,False,False,True,False,False,False,False,False,0,3,False,False,mechanism,Infectious,moderate,Toxic Shock Syndrome,Toxic Shock Syndrome,Bacterial,vignette
p27,Dermatologist,10+ years,,10+ years,9,10,408,3,C,Lung cancer,A,Dental caries,False,B,B,False,False,True,False,False,False,False,False,0,3,False,False,prognosis,Inflammatory,moderate,Systemic Sclerosis,Systemic Sclerosis,Autoimmune,vignette
p27,Dermatologist,10+ years,,10+ years,9,11,1072,1,E,B7,E,B7,True,D,D,False,False,True,False,False,False,False,False,0,1,False,False,mechanism,Neoplastic,common,Melanoma,Melanoma,Malignant,vignette
p27,Dermatologist,10+ years,,10+ years,9,12,589,3,A,Frequent turning,A,Frequent turning,True,A,A,True,True,True,False,True,True,False,False,3,3,True,True,treatment,Other,moderate,Pressure Ulcer,Pressure Ulcer,Traumatic & Environmental,vignette
p27,Dermatologist,10+ years,,10+ years,9,13,1006,2,D,Mycosis fungoides,D,Mycosis fungoides,True,D,D,True,True,True,False,True,True,False,False,2,2,True,True,diagnosis,Neoplastic,moderate,Mycosis Fungoides,Mycosis Fungoides,Malignant,vignette
p27,Dermatologist,10+ years,,10+ years,9,14,5693,2,A,Pautrier's microabscess,A,Pautrier's microabscess,True,A,A,True,True,True,False,True,True,False,False,1,2,False,True,diagnosis,Neoplastic,moderate,Mycosis Fungoides,Mycosis Fungoides,Malignant,vignette
p27,Dermatologist,10+ years,,10+ years,9,15,913,3,E,Frequent repositioning,E,Frequent repositioning,True,B,E,False,True,True,True,False,True,True,False,1,3,False,True,treatment,Other,common,Pressure Ulcer,Pressure Ulcer,Traumatic & Environmental,short_stem
p27,Dermatologist,10+ years,,10+ years,9,16,2828,1,D,Terbinafine,D,Terbinafine,True,D,D,True,True,True,False,True,True,False,False,0,1,False,False,treatment,Infectious,common,Tinea Capitis,Tinea Capitis,Fungal,short_stem
p25,Dermatologist,1-3 years,,1-3 years,9,1,1930,1,C,syphilis,C,syphilis,True,C,C,True,True,True,False,True,True,False,False,1,1,True,True,diagnosis,Infectious,moderate,Syphilis,Syphilis,Bacterial,vignette
p25,Dermatologist,1-3 years,,1-3 years,9,2,3309,3,B,Behcet disease,B,Behcet disease,True,B,B,True,True,True,False,True,True,False,False,3,3,True,True,diagnosis,Inflammatory,moderate,Behcet Disease,Behçet's Disease,Neutrophilic,short_stem
p25,Dermatologist,1-3 years,,1-3 years,9,3,2222,3,C,Dermatitis herpetiformis,C,Dermatitis herpetiformis,True,C,C,True,True,True,False,True,True,False,False,2,3,False,True,diagnosis,Inflammatory,moderate,Dermatitis Herpetiformis,Dermatitis Herpetiformis,Autoimmune,vignette
p25,Dermatologist,1-3 years,,1-3 years,9,4,1318,3,D,Medication,B,Enzyme inhibition,False,D,D,True,True,True,False,False,False,False,False,0,3,False,False,diagnosis,Pigmentation,moderate,Melasma,Melasma,Hyperpigmentation,vignette
p25,Dermatologist,1-3 years,,1-3 years,9,5,6707,3,A,Autosomal dominant,A,Autosomal dominant,True,A,A,True,True,True,False,True,True,False,False,3,3,True,True,epidemiology,Genetic Rare,moderate,Neurofibromatosis Type 1,Neurofibromatosis Type 1,Syndromic,vignette
p25,Dermatologist,1-3 years,,1-3 years,9,6,2781,4,C,Xeroderma pigmentosum,C,Xeroderma pigmentosum,True,C,C,True,True,True,False,True,True,False,False,2,4,False,True,diagnosis,Genetic Rare,rare,Xeroderma Pigmentosum,Xeroderma Pigmentosum,Genodermatoses,vignette
p25,Dermatologist,1-3 years,,1-3 years,9,7,131,2,B,Saddle nose,B,Saddle nose,True,C,B,False,True,True,True,False,True,True,False,1,2,False,True,prognosis,Infectious,moderate,Congenital Syphilis,Congenital Syphilis,Bacterial,vignette
p25,Dermatologist,1-3 years,,1-3 years,9,8,325,1,B,CD1a,B,CD1a,True,B,B,True,True,True,False,True,True,False,False,1,1,True,True,diagnosis,Neoplastic,rare,Langerhans Cell Histiocytosis,Langerhans Cell Histiocytosis,Malignant,vignette
p25,Dermatologist,1-3 years,,1-3 years,9,9,250,3,D,Polyclonal T cell activation,D,Polyclonal T cell activation,True,A,A,False,False,True,False,False,False,False,False,2,3,False,True,mechanism,Infectious,moderate,Toxic Shock Syndrome,Toxic Shock Syndrome,Bacterial,vignette
p25,Dermatologist,1-3 years,,1-3 years,9,10,408,3,C,Lung cancer,A,Dental caries,False,A,A,False,False,True,False,True,True,False,False,3,3,True,True,prognosis,Inflammatory,moderate,Systemic Sclerosis,Systemic Sclerosis,Autoimmune,vignette
p25,Dermatologist,1-3 years,,1-3 years,9,11,1072,1,E,B7,E,B7,True,E,E,True,True,True,False,True,True,False,False,1,1,True,True,mechanism,Neoplastic,common,Melanoma,Melanoma,Malignant,vignette
p25,Dermatologist,1-3 years,,1-3 years,9,12,589,3,A,Frequent turning,A,Frequent turning,True,A,A,True,True,True,False,True,True,False,False,3,3,True,True,treatment,Other,moderate,Pressure Ulcer,Pressure Ulcer,Traumatic & Environmental,vignette
p25,Dermatologist,1-3 years,,1-3 years,9,13,1006,2,D,Mycosis fungoides,D,Mycosis fungoides,True,D,D,True,True,True,False,True,True,False,False,1,2,False,True,diagnosis,Neoplastic,moderate,Mycosis Fungoides,Mycosis Fungoides,Malignant,vignette
p25,Dermatologist,1-3 years,,1-3 years,9,14,5693,2,A,Pautrier's microabscess,A,Pautrier's microabscess,True,A,A,True,True,True,False,True,True,False,False,0,2,False,False,diagnosis,Neoplastic,moderate,Mycosis Fungoides,Mycosis Fungoides,Malignant,vignette
p25,Dermatologist,1-3 years,,1-3 years,9,15,913,3,E,Frequent repositioning,E,Frequent repositioning,True,E,E,True,True,True,False,True,True,False,False,1,3,False,True,treatment,Other,common,Pressure Ulcer,Pressure Ulcer,Traumatic & Environmental,short_stem
p25,Dermatologist,1-3 years,,1-3 years,9,16,2828,1,D,Terbinafine,D,Terbinafine,True,D,D,True,True,True,False,True,True,False,False,0,1,False,False,treatment,Infectious,common,Tinea Capitis,Tinea Capitis,Fungal,short_stem
p26,Dermatologist,4-9 years,,4-9 years,9,1,1930,1,C,syphilis,C,syphilis,True,C,C,True,True,True,False,True,True,False,False,1,1,True,True,diagnosis,Infectious,moderate,Syphilis,Syphilis,Bacterial,vignette
p26,Dermatologist,4-9 years,,4-9 years,9,2,3309,3,B,Behcet disease,B,Behcet disease,True,B,B,True,True,True,False,True,True,False,False,3,3,True,True,diagnosis,Inflammatory,moderate,Behcet Disease,Behçet's Disease,Neutrophilic,short_stem
p26,Dermatologist,4-9 years,,4-9 years,9,3,2222,3,C,Dermatitis herpetiformis,C,Dermatitis herpetiformis,True,C,C,True,True,True,False,True,True,False,False,3,3,True,True,diagnosis,Inflammatory,moderate,Dermatitis Herpetiformis,Dermatitis Herpetiformis,Autoimmune,vignette
p26,Dermatologist,4-9 years,,4-9 years,9,4,1318,3,D,Medication,B,Enzyme inhibition,False,A,A,False,False,True,False,False,False,False,False,1,3,False,True,diagnosis,Pigmentation,moderate,Melasma,Melasma,Hyperpigmentation,vignette
p26,Dermatologist,4-9 years,,4-9 years,9,5,6707,3,A,Autosomal dominant,A,Autosomal dominant,True,A,A,True,True,True,False,True,True,False,False,1,3,False,True,epidemiology,Genetic Rare,moderate,Neurofibromatosis Type 1,Neurofibromatosis Type 1,Syndromic,vignette
p26,Dermatologist,4-9 years,,4-9 years,9,6,2781,4,C,Xeroderma pigmentosum,C,Xeroderma pigmentosum,True,C,C,True,True,True,False,True,True,False,False,1,4,False,True,diagnosis,Genetic Rare,rare,Xeroderma Pigmentosum,Xeroderma Pigmentosum,Genodermatoses,vignette
p26,Dermatologist,4-9 years,,4-9 years,9,7,131,2,B,Saddle nose,B,Saddle nose,True,B,B,True,True,True,False,True,True,False,False,1,2,False,True,prognosis,Infectious,moderate,Congenital Syphilis,Congenital Syphilis,Bacterial,vignette
p26,Dermatologist,4-9 years,,4-9 years,9,8,325,1,B,CD1a,B,CD1a,True,D,B,False,True,True,True,False,True,True,False,1,1,True,True,diagnosis,Neoplastic,rare,Langerhans Cell Histiocytosis,Langerhans Cell Histiocytosis,Malignant,vignette
p26,Dermatologist,4-9 years,,4-9 years,9,9,250,3,D,Polyclonal T cell activation,D,Polyclonal T cell activation,True,A,A,False,False,True,False,False,False,False,False,1,3,False,True,mechanism,Infectious,moderate,Toxic Shock Syndrome,Toxic Shock Syndrome,Bacterial,vignette
p26,Dermatologist,4-9 years,,4-9 years,9,10,408,3,C,Lung cancer,A,Dental caries,False,B,B,False,False,True,False,False,False,False,False,0,3,False,False,prognosis,Inflammatory,moderate,Systemic Sclerosis,Systemic Sclerosis,Autoimmune,vignette
p26,Dermatologist,4-9 years,,4-9 years,9,11,1072,1,E,B7,E,B7,True,C,E,False,True,True,True,False,True,True,False,1,1,True,True,mechanism,Neoplastic,common,Melanoma,Melanoma,Malignant,vignette
p26,Dermatologist,4-9 years,,4-9 years,9,12,589,3,A,Frequent turning,A,Frequent turning,True,A,A,True,True,True,False,True,True,False,False,2,3,False,True,treatment,Other,moderate,Pressure Ulcer,Pressure Ulcer,Traumatic & Environmental,vignette
p26,Dermatologist,4-9 years,,4-9 years,9,13,1006,2,D,Mycosis fungoides,D,Mycosis fungoides,True,D,D,True,True,True,False,True,True,False,False,1,2,False,True,diagnosis,Neoplastic,moderate,Mycosis Fungoides,Mycosis Fungoides,Malignant,vignette
p26,Dermatologist,4-9 years,,4-9 years,9,14,5693,2,A,Pautrier's microabscess,A,Pautrier's microabscess,True,A,A,True,True,True,False,True,True,False,False,0,2,False,False,diagnosis,Neoplastic,moderate,Mycosis Fungoides,Mycosis Fungoides,Malignant,vignette
p26,Dermatologist,4-9 years,,4-9 years,9,15,913,3,E,Frequent repositioning,E,Frequent repositioning,True,E,E,True,True,True,False,True,True,False,False,2,3,False,True,treatment,Other,common,Pressure Ulcer,Pressure Ulcer,Traumatic & Environmental,short_stem
p26,Dermatologist,4-9 years,,4-9 years,9,16,2828,1,D,Terbinafine,D,Terbinafine,True,D,D,True,True,True,False,True,True,False,False,0,1,False,False,treatment,Infectious,common,Tinea Capitis,Tinea Capitis,Fungal,short_stem
p28,Dermatologist,4-9 years,,4-9 years,10,1,9585,2,A,Non-caseating Granuloma,A,Non-caseating Granuloma,True,A,A,True,True,True,False,True,True,False,False,2,2,True,True,diagnosis,Metabolic Systemic,moderate,Sarcoidosis,Sarcoidosis,Systemic Disease Manifestations,vignette
p28,Dermatologist,4-9 years,,4-9 years,10,2,7153,1,D,Sturge-Weber syndrome,D,Sturge-Weber syndrome,True,D,D,True,True,True,False,True,True,False,False,1,1,True,True,diagnosis,Other,moderate,Port-Wine Stain,Port-Wine Stain,Unclassified,vignette
p28,Dermatologist,4-9 years,,4-9 years,10,3,6317,3,B,located on buttock,B,located on buttock,True,C,D,False,False,True,True,False,False,False,False,0,3,False,False,diagnosis,Neoplastic,moderate,Dysplastic Nevus,Dysplastic Nevus,Premalignant,short_stem
p28,Dermatologist,4-9 years,,4-9 years,10,4,6161,3,B,Isotretinoin,B,Isotretinoin,True,B,B,True,True,True,False,True,True,False,False,3,3,True,True,treatment,Inflammatory,common,Acne Vulgaris,Acne Vulgaris,Neutrophilic,short_stem
p28,Dermatologist,4-9 years,,4-9 years,10,5,4934,1,A,Insect bite hypersensitivity,A,Insect bite hypersensitivity,True,A,A,True,True,True,False,True,True,False,False,0,1,False,False,diagnosis,Inflammatory,moderate,Insect Bite Hypersensitivity,Insect Bite Hypersensitivity,Vascular & Urticarial,vignette
p28,Dermatologist,4-9 years,,4-9 years,10,6,5149,1,C,Tzanck smear,C,Tzanck smear,True,C,C,True,True,True,False,True,True,False,False,0,1,False,False,diagnosis,Infectious,common,Herpes Simplex,Herpes Simplex Virus Infection,Viral,short_stem
p28,Dermatologist,4-9 years,,4-9 years,10,7,908,5,B,Gastric adenocarcinoma,D,Diabetes mellitus,False,B,B,True,True,True,False,False,False,False,False,4,5,False,True,diagnosis,Pigmentation,moderate,Acanthosis Nigricans,Acanthosis Nigricans,Hyperpigmentation,vignette
p28,Dermatologist,4-9 years,,4-9 years,10,8,7640,3,B,Langerhans cell histiocytosis,B,Langerhans cell histiocytosis,True,B,B,True,True,True,False,True,True,False,False,2,3,False,True,diagnosis,Neoplastic,rare,Langerhans Cell Histiocytosis,Langerhans Cell Histiocytosis,Malignant,vignette
p28,Dermatologist,4-9 years,,4-9 years,10,9,2137,1,A,Capillaries,A,Capillaries,True,A,A,True,True,True,False,True,True,False,False,1,1,True,True,mechanism,Other,moderate,Port Wine Stain,Port-Wine Stain,Unclassified,short_stem
p28,Dermatologist,4-9 years,,4-9 years,10,10,806,3,A,Sensory neuropathy,A,Sensory neuropathy,True,A,A,True,True,True,False,True,True,False,False,3,3,True,True,prognosis,Infectious,common,Herpes Zoster,Herpes Zoster,Viral,vignette
p28,Dermatologist,4-9 years,,4-9 years,10,11,1685,4,A,Scleroderma,A,Scleroderma,True,A,A,True,True,True,False,True,True,False,False,3,4,False,True,epidemiology,Metabolic Systemic,moderate,Raynaud'S Phenomenon,Raynaud's Phenomenon,Systemic Disease Manifestations,short_stem
p28,Dermatologist,4-9 years,,4-9 years,10,12,980,3,C,Repositioning,C,Repositioning,True,C,C,True,True,True,False,True,True,False,False,3,3,True,True,treatment,Other,common,Pressure Ulcer,Pressure Ulcer,Traumatic & Environmental,vignette
p28,Dermatologist,4-9 years,,4-9 years,10,13,1115,2,E,Severe protein malnutrition,E,Severe protein malnutrition,True,E,E,True,True,True,False,True,True,False,False,2,2,True,True,diagnosis,Metabolic Systemic,rare,Kwashiorkor,Kwashiorkor,Nutritional,vignette
p28,Dermatologist,4-9 years,,4-9 years,10,14,1398,4,D,Renal failure,D,Renal failure,True,E,D,False,True,True,True,False,True,True,False,3,4,False,True,treatment,Infectious,common,Genital Herpes,Genital Herpes,Viral,vignette
p28,Dermatologist,4-9 years,,4-9 years,10,15,9083,2,A,Aromatic amino acids,A,Aromatic amino acids,True,B,A,False,True,True,True,False,True,True,False,0,2,False,False,mechanism,Pigmentation,rare,Albinism,Albinism,Hypopigmentation,vignette
p28,Dermatologist,4-9 years,,4-9 years,10,16,479,1,A,CNS degeneration,B,Valvular heart disease,False,D,D,False,False,True,False,False,False,False,False,0,1,False,False,prognosis,Infectious,moderate,Measles,Measles,Viral,vignette
p30,Dermatologist,1-3 years,,1-3 years,10,1,9585,2,A,Non-caseating Granuloma,A,Non-caseating Granuloma,True,B,A,False,True,True,True,False,True,True,False,2,2,True,True,diagnosis,Metabolic Systemic,moderate,Sarcoidosis,Sarcoidosis,Systemic Disease Manifestations,vignette
p30,Dermatologist,1-3 years,,1-3 years,10,2,7153,1,D,Sturge-Weber syndrome,D,Sturge-Weber syndrome,True,D,D,True,True,True,False,True,True,False,False,0,1,False,False,diagnosis,Other,moderate,Port-Wine Stain,Port-Wine Stain,Unclassified,vignette
p30,Dermatologist,1-3 years,,1-3 years,10,3,6317,3,B,located on buttock,B,located on buttock,True,D,D,False,False,True,False,False,False,False,False,0,3,False,False,diagnosis,Neoplastic,moderate,Dysplastic Nevus,Dysplastic Nevus,Premalignant,short_stem
p30,Dermatologist,1-3 years,,1-3 years,10,4,6161,3,B,Isotretinoin,B,Isotretinoin,True,B,B,True,True,True,False,True,True,False,False,3,3,True,True,treatment,Inflammatory,common,Acne Vulgaris,Acne Vulgaris,Neutrophilic,short_stem
p30,Dermatologist,1-3 years,,1-3 years,10,5,4934,1,A,Insect bite hypersensitivity,A,Insect bite hypersensitivity,True,D,C,False,False,True,True,False,False,False,False,0,1,False,False,diagnosis,Inflammatory,moderate,Insect Bite Hypersensitivity,Insect Bite Hypersensitivity,Vascular & Urticarial,vignette
p30,Dermatologist,1-3 years,,1-3 years,10,6,5149,1,C,Tzanck smear,C,Tzanck smear,True,C,C,True,True,True,False,True,True,False,False,1,1,True,True,diagnosis,Infectious,common,Herpes Simplex,Herpes Simplex Virus Infection,Viral,short_stem
p30,Dermatologist,1-3 years,,1-3 years,10,7,908,5,B,Gastric adenocarcinoma,D,Diabetes mellitus,False,D,D,False,False,True,False,True,True,False,False,4,5,False,True,diagnosis,Pigmentation,moderate,Acanthosis Nigricans,Acanthosis Nigricans,Hyperpigmentation,vignette
p30,Dermatologist,1-3 years,,1-3 years,10,8,7640,3,B,Langerhans cell histiocytosis,B,Langerhans cell histiocytosis,True,B,B,True,True,True,False,True,True,False,False,2,3,False,True,diagnosis,Neoplastic,rare,Langerhans Cell Histiocytosis,Langerhans Cell Histiocytosis,Malignant,vignette
p30,Dermatologist,1-3 years,,1-3 years,10,9,2137,1,A,Capillaries,A,Capillaries,True,A,A,True,True,True,False,True,True,False,False,1,1,True,True,mechanism,Other,moderate,Port Wine Stain,Port-Wine Stain,Unclassified,short_stem
p30,Dermatologist,1-3 years,,1-3 years,10,10,806,3,A,Sensory neuropathy,A,Sensory neuropathy,True,C,A,False,True,True,True,False,True,True,False,2,3,False,True,prognosis,Infectious,common,Herpes Zoster,Herpes Zoster,Viral,vignette
p30,Dermatologist,1-3 years,,1-3 years,10,11,1685,4,A,Scleroderma,A,Scleroderma,True,A,A,True,True,True,False,True,True,False,False,4,4,True,True,epidemiology,Metabolic Systemic,moderate,Raynaud'S Phenomenon,Raynaud's Phenomenon,Systemic Disease Manifestations,short_stem
p30,Dermatologist,1-3 years,,1-3 years,10,12,980,3,C,Repositioning,C,Repositioning,True,E,C,False,True,True,True,False,True,True,False,2,3,False,True,treatment,Other,common,Pressure Ulcer,Pressure Ulcer,Traumatic & Environmental,vignette
p30,Dermatologist,1-3 years,,1-3 years,10,13,1115,2,E,Severe protein malnutrition,E,Severe protein malnutrition,True,E,E,True,True,True,False,True,True,False,False,2,2,True,True,diagnosis,Metabolic Systemic,rare,Kwashiorkor,Kwashiorkor,Nutritional,vignette
p30,Dermatologist,1-3 years,,1-3 years,10,14,1398,4,D,Renal failure,D,Renal failure,True,D,D,True,True,True,False,True,True,False,False,1,4,False,True,treatment,Infectious,common,Genital Herpes,Genital Herpes,Viral,vignette
p30,Dermatologist,1-3 years,,1-3 years,10,15,9083,2,A,Aromatic amino acids,A,Aromatic amino acids,True,A,A,True,True,True,False,True,True,False,False,1,2,False,True,mechanism,Pigmentation,rare,Albinism,Albinism,Hypopigmentation,vignette
p30,Dermatologist,1-3 years,,1-3 years,10,16,479,1,A,CNS degeneration,B,Valvular heart disease,False,B,B,False,False,True,False,True,True,False,False,1,1,True,True,prognosis,Infectious,moderate,Measles,Measles,Viral,vignette
p29,Dermatologist,4-9 years,,4-9 years,10,1,9585,2,A,Non-caseating Granuloma,A,Non-caseating Granuloma,True,A,A,True,True,True,False,True,True,False,False,1,2,False,True,diagnosis,Metabolic Systemic,moderate,Sarcoidosis,Sarcoidosis,Systemic Disease Manifestations,vignette
p29,Dermatologist,4-9 years,,4-9 years,10,2,7153,1,D,Sturge-Weber syndrome,D,Sturge-Weber syndrome,True,D,D,True,True,True,False,True,True,False,False,1,1,True,True,diagnosis,Other,moderate,Port-Wine Stain,Port-Wine Stain,Unclassified,vignette
p29,Dermatologist,4-9 years,,4-9 years,10,3,6317,3,B,located on buttock,B,located on buttock,True,D,B,False,True,True,True,False,True,True,False,1,3,False,True,diagnosis,Neoplastic,moderate,Dysplastic Nevus,Dysplastic Nevus,Premalignant,short_stem
p29,Dermatologist,4-9 years,,4-9 years,10,4,6161,3,B,Isotretinoin,B,Isotretinoin,True,C,C,False,False,True,False,False,False,False,False,3,3,True,True,treatment,Inflammatory,common,Acne Vulgaris,Acne Vulgaris,Neutrophilic,short_stem
p29,Dermatologist,4-9 years,,4-9 years,10,5,4934,1,A,Insect bite hypersensitivity,A,Insect bite hypersensitivity,True,A,A,True,True,True,False,True,True,False,False,0,1,False,False,diagnosis,Inflammatory,moderate,Insect Bite Hypersensitivity,Insect Bite Hypersensitivity,Vascular & Urticarial,vignette
p29,Dermatologist,4-9 years,,4-9 years,10,6,5149,1,C,Tzanck smear,C,Tzanck smear,True,C,C,True,True,True,False,True,True,False,False,1,1,True,True,diagnosis,Infectious,common,Herpes Simplex,Herpes Simplex Virus Infection,Viral,short_stem
p29,Dermatologist,4-9 years,,4-9 years,10,7,908,5,B,Gastric adenocarcinoma,D,Diabetes mellitus,False,B,D,True,False,True,True,False,True,True,False,4,5,False,True,diagnosis,Pigmentation,moderate,Acanthosis Nigricans,Acanthosis Nigricans,Hyperpigmentation,vignette
p29,Dermatologist,4-9 years,,4-9 years,10,8,7640,3,B,Langerhans cell histiocytosis,B,Langerhans cell histiocytosis,True,B,B,True,True,True,False,True,True,False,False,1,3,False,True,diagnosis,Neoplastic,rare,Langerhans Cell Histiocytosis,Langerhans Cell Histiocytosis,Malignant,vignette
p29,Dermatologist,4-9 years,,4-9 years,10,9,2137,1,A,Capillaries,A,Capillaries,True,A,A,True,True,True,False,True,True,False,False,1,1,True,True,mechanism,Other,moderate,Port Wine Stain,Port-Wine Stain,Unclassified,short_stem
p29,Dermatologist,4-9 years,,4-9 years,10,10,806,3,A,Sensory neuropathy,A,Sensory neuropathy,True,A,A,True,True,True,False,True,True,False,False,2,3,False,True,prognosis,Infectious,common,Herpes Zoster,Herpes Zoster,Viral,vignette
p29,Dermatologist,4-9 years,,4-9 years,10,11,1685,4,A,Scleroderma,A,Scleroderma,True,A,A,True,True,True,False,True,True,False,False,4,4,True,True,epidemiology,Metabolic Systemic,moderate,Raynaud'S Phenomenon,Raynaud's Phenomenon,Systemic Disease Manifestations,short_stem
p29,Dermatologist,4-9 years,,4-9 years,10,12,980,3,C,Repositioning,C,Repositioning,True,C,C,True,True,True,False,True,True,False,False,2,3,False,True,treatment,Other,common,Pressure Ulcer,Pressure Ulcer,Traumatic & Environmental,vignette
p29,Dermatologist,4-9 years,,4-9 years,10,13,1115,2,E,Severe protein malnutrition,E,Severe protein malnutrition,True,E,E,True,True,True,False,True,True,False,False,2,2,True,True,diagnosis,Metabolic Systemic,rare,Kwashiorkor,Kwashiorkor,Nutritional,vignette
p29,Dermatologist,4-9 years,,4-9 years,10,14,1398,4,D,Renal failure,D,Renal failure,True,D,D,True,True,True,False,True,True,False,False,3,4,False,True,treatment,Infectious,common,Genital Herpes,Genital Herpes,Viral,vignette
p29,Dermatologist,4-9 years,,4-9 years,10,15,9083,2,A,Aromatic amino acids,A,Aromatic amino acids,True,B,A,False,True,True,True,False,True,True,False,2,2,True,True,mechanism,Pigmentation,rare,Albinism,Albinism,Hypopigmentation,vignette
p29,Dermatologist,4-9 years,,4-9 years,10,16,479,1,A,CNS degeneration,B,Valvular heart disease,False,A,A,True,True,True,False,False,False,False,False,1,1,True,True,prognosis,Infectious,moderate,Measles,Measles,Viral,vignette
p33,Dermatologist,4-9 years,,4-9 years,11,1,2919,2,D,Squamous cell carcinoma,D,Squamous cell carcinoma,True,D,D,True,True,True,False,True,True,False,False,1,2,False,True,diagnosis,Neoplastic,common,Squamous Cell Carcinoma,Squamous Cell Carcinoma,Malignant,vignette
p33,Dermatologist,4-9 years,,4-9 years,11,2,1661,3,B,Chloasma,B,Chloasma,True,B,B,True,True,True,False,True,True,False,False,3,3,True,True,diagnosis,Pigmentation,common,Melasma,Melasma,Hyperpigmentation,short_stem
p33,Dermatologist,4-9 years,,4-9 years,11,3,4794,3,A,Atopic dermatitis,A,Atopic dermatitis,True,A,A,True,True,True,False,True,True,False,False,3,3,True,True,diagnosis,Inflammatory,common,Atopic Dermatitis,Atopic Dermatitis,Eczematous,short_stem
p33,Dermatologist,4-9 years,,4-9 years,11,4,1216,3,D,Phlebotomy,D,Phlebotomy,True,D,D,True,True,True,False,True,True,False,False,3,3,True,True,treatment,Metabolic Systemic,moderate,Porphyria Cutanea Tarda,Porphyria Cutanea Tarda,Systemic Disease Manifestations,vignette
p33,Dermatologist,4-9 years,,4-9 years,11,5,1012,2,D,Measurement of erythrocyte glutathione reductase activity,D,Measurement of erythrocyte glutathione reductase activity,True,D,D,True,True,True,False,True,True,False,False,1,2,False,True,diagnosis,Metabolic Systemic,rare,Riboflavin Deficiency,Riboflavin Deficiency,Nutritional,vignette
p33,Dermatologist,4-9 years,,4-9 years,11,6,6703,3,A,Slit lamp examination of eye,A,Slit lamp examination of eye,True,A,A,True,True,True,False,True,True,False,False,3,3,True,True,diagnosis,Genetic Rare,moderate,Neurofibromatosis Type 1,Neurofibromatosis Type 1,Syndromic,short_stem
p33,Dermatologist,4-9 years,,4-9 years,11,7,1097,2,A,Dapsone,A,Dapsone,True,A,A,True,True,True,False,True,True,False,False,2,2,True,True,treatment,Infectious,moderate,Lepromatous Leprosy,Lepromatous Leprosy,Bacterial,vignette
p33,Dermatologist,4-9 years,,4-9 years,11,8,9636,2,D,Palisading nuclei,D,Palisading nuclei,True,D,D,True,True,True,False,True,True,False,False,1,2,False,True,diagnosis,Neoplastic,common,Basal Cell Carcinoma,Basal Cell Carcinoma,Malignant,short_stem
p33,Dermatologist,4-9 years,,4-9 years,11,9,6130,3,B,Isotretinoin,B,Isotretinoin,True,B,B,True,True,True,False,True,True,False,False,2,3,False,True,treatment,Inflammatory,common,Acne Vulgaris,Acne Vulgaris,Neutrophilic,short_stem
p33,Dermatologist,4-9 years,,4-9 years,11,10,323,4,A,Bilateral vestibular schwannomas,B,Optic nerve glioma,False,C,C,False,False,True,False,False,False,False,False,2,4,False,True,diagnosis,Genetic Rare,rare,Neurofibromatosis Type 2,Neurofibromatosis Type 2,Syndromic,vignette
p33,Dermatologist,4-9 years,,4-9 years,11,11,824,4,A,Excision endonuclease,A,Excision endonuclease,True,A,A,True,True,True,False,True,True,False,False,4,4,True,True,mechanism,Genetic Rare,rare,Xeroderma Pigmentosum,Xeroderma Pigmentosum,Genodermatoses,vignette
p33,Dermatologist,4-9 years,,4-9 years,11,12,1979,2,B,Dysplasia,B,Dysplasia,True,B,B,True,True,True,False,True,True,False,False,2,2,True,True,mechanism,Neoplastic,common,Actinic Keratosis,Actinic Keratosis,Premalignant,short_stem
p33,Dermatologist,4-9 years,,4-9 years,11,13,8604,3,A,Non-caseating Granuloma,A,Non-caseating Granuloma,True,A,A,True,True,True,False,True,True,False,False,2,3,False,True,diagnosis,Metabolic Systemic,moderate,Sarcoidosis,Sarcoidosis,Systemic Disease Manifestations,vignette
p33,Dermatologist,4-9 years,,4-9 years,11,14,401,4,D,Malignant melanoma,A,Colorectal cancer,False,D,D,True,True,True,False,False,False,False,False,0,4,False,False,prognosis,Genetic Rare,rare,Xeroderma Pigmentosum,Xeroderma Pigmentosum,Genodermatoses,short_stem
p33,Dermatologist,4-9 years,,4-9 years,11,15,1120,4,C,Coronary artery,C,Coronary artery,True,C,C,True,True,True,False,True,True,False,False,4,4,True,True,prognosis,Inflammatory,moderate,Kawasaki Disease,Kawasaki Disease,Vascular & Urticarial,vignette
p33,Dermatologist,4-9 years,,4-9 years,11,16,7061,3,A,"HPV 6, 11",A,"HPV 6, 11",True,A,A,True,True,True,False,True,True,False,False,2,3,False,True,mechanism,Infectious,common,Condyloma Acuminata,Condylomata Acuminata,Viral,short_stem
p32,Dermatologist,1-3 years,,1-3 years,11,1,2919,2,D,Squamous cell carcinoma,D,Squamous cell carcinoma,True,D,D,True,True,True,False,True,True,False,False,1,2,False,True,diagnosis,Neoplastic,common,Squamous Cell Carcinoma,Squamous Cell Carcinoma,Malignant,vignette
p32,Dermatologist,1-3 years,,1-3 years,11,2,1661,3,B,Chloasma,B,Chloasma,True,B,B,True,True,True,False,True,True,False,False,2,3,False,True,diagnosis,Pigmentation,common,Melasma,Melasma,Hyperpigmentation,short_stem
p32,Dermatologist,1-3 years,,1-3 years,11,3,4794,3,A,Atopic dermatitis,A,Atopic dermatitis,True,A,A,True,True,True,False,True,True,False,False,2,3,False,True,diagnosis,Inflammatory,common,Atopic Dermatitis,Atopic Dermatitis,Eczematous,short_stem
p32,Dermatologist,1-3 years,,1-3 years,11,4,1216,3,D,Phlebotomy,D,Phlebotomy,True,D,D,True,True,True,False,True,True,False,False,1,3,False,True,treatment,Metabolic Systemic,moderate,Porphyria Cutanea Tarda,Porphyria Cutanea Tarda,Systemic Disease Manifestations,vignette
p32,Dermatologist,1-3 years,,1-3 years,11,5,1012,2,D,Measurement of erythrocyte glutathione reductase activity,D,Measurement of erythrocyte glutathione reductase activity,True,B,D,False,True,True,True,False,True,True,False,0,2,False,False,diagnosis,Metabolic Systemic,rare,Riboflavin Deficiency,Riboflavin Deficiency,Nutritional,vignette
p32,Dermatologist,1-3 years,,1-3 years,11,6,6703,3,A,Slit lamp examination of eye,A,Slit lamp examination of eye,True,A,A,True,True,True,False,True,True,False,False,2,3,False,True,diagnosis,Genetic Rare,moderate,Neurofibromatosis Type 1,Neurofibromatosis Type 1,Syndromic,short_stem
p32,Dermatologist,1-3 years,,1-3 years,11,7,1097,2,A,Dapsone,A,Dapsone,True,A,A,True,True,True,False,True,True,False,False,1,2,False,True,treatment,Infectious,moderate,Lepromatous Leprosy,Lepromatous Leprosy,Bacterial,vignette
p32,Dermatologist,1-3 years,,1-3 years,11,8,9636,2,D,Palisading nuclei,D,Palisading nuclei,True,D,D,True,True,True,False,True,True,False,False,1,2,False,True,diagnosis,Neoplastic,common,Basal Cell Carcinoma,Basal Cell Carcinoma,Malignant,short_stem
p32,Dermatologist,1-3 years,,1-3 years,11,9,6130,3,B,Isotretinoin,B,Isotretinoin,True,B,B,True,True,True,False,True,True,False,False,2,3,False,True,treatment,Inflammatory,common,Acne Vulgaris,Acne Vulgaris,Neutrophilic,short_stem
p32,Dermatologist,1-3 years,,1-3 years,11,10,323,4,A,Bilateral vestibular schwannomas,B,Optic nerve glioma,False,A,B,True,False,True,True,False,True,True,False,1,4,False,True,diagnosis,Genetic Rare,rare,Neurofibromatosis Type 2,Neurofibromatosis Type 2,Syndromic,vignette
p32,Dermatologist,1-3 years,,1-3 years,11,11,824,4,A,Excision endonuclease,A,Excision endonuclease,True,A,A,True,True,True,False,True,True,False,False,3,4,False,True,mechanism,Genetic Rare,rare,Xeroderma Pigmentosum,Xeroderma Pigmentosum,Genodermatoses,vignette
p32,Dermatologist,1-3 years,,1-3 years,11,12,1979,2,B,Dysplasia,B,Dysplasia,True,B,B,True,True,True,False,True,True,False,False,1,2,False,True,mechanism,Neoplastic,common,Actinic Keratosis,Actinic Keratosis,Premalignant,short_stem
p32,Dermatologist,1-3 years,,1-3 years,11,13,8604,3,A,Non-caseating Granuloma,A,Non-caseating Granuloma,True,C,A,False,True,True,True,False,True,True,False,1,3,False,True,diagnosis,Metabolic Systemic,moderate,Sarcoidosis,Sarcoidosis,Systemic Disease Manifestations,vignette
p32,Dermatologist,1-3 years,,1-3 years,11,14,401,4,D,Malignant melanoma,A,Colorectal cancer,False,D,D,True,True,True,False,False,False,False,False,0,4,False,False,prognosis,Genetic Rare,rare,Xeroderma Pigmentosum,Xeroderma Pigmentosum,Genodermatoses,short_stem
p32,Dermatologist,1-3 years,,1-3 years,11,15,1120,4,C,Coronary artery,C,Coronary artery,True,C,C,True,True,True,False,True,True,False,False,4,4,True,True,prognosis,Inflammatory,moderate,Kawasaki Disease,Kawasaki Disease,Vascular & Urticarial,vignette
p32,Dermatologist,1-3 years,,1-3 years,11,16,7061,3,A,"HPV 6, 11",A,"HPV 6, 11",True,A,A,True,True,True,False,True,True,False,False,1,3,False,True,mechanism,Infectious,common,Condyloma Acuminata,Condylomata Acuminata,Viral,short_stem
p31,Dermatologist,10+ years,,10+ years,11,1,2919,2,D,Squamous cell carcinoma,D,Squamous cell carcinoma,True,D,D,True,True,True,False,True,True,False,False,2,2,True,True,diagnosis,Neoplastic,common,Squamous Cell Carcinoma,Squamous Cell Carcinoma,Malignant,vignette
p31,Dermatologist,10+ years,,10+ years,11,2,1661,3,B,Chloasma,B,Chloasma,True,B,B,True,True,True,False,True,True,False,False,2,3,False,True,diagnosis,Pigmentation,common,Melasma,Melasma,Hyperpigmentation,short_stem
p31,Dermatologist,10+ years,,10+ years,11,3,4794,3,A,Atopic dermatitis,A,Atopic dermatitis,True,A,A,True,True,True,False,True,True,False,False,2,3,False,True,diagnosis,Inflammatory,common,Atopic Dermatitis,Atopic Dermatitis,Eczematous,short_stem
p31,Dermatologist,10+ years,,10+ years,11,4,1216,3,D,Phlebotomy,D,Phlebotomy,True,B,B,False,False,True,False,False,False,False,False,0,3,False,False,treatment,Metabolic Systemic,moderate,Porphyria Cutanea Tarda,Porphyria Cutanea Tarda,Systemic Disease Manifestations,vignette
p31,Dermatologist,10+ years,,10+ years,11,5,1012,2,D,Measurement of erythrocyte glutathione reductase activity,D,Measurement of erythrocyte glutathione reductase activity,True,B,B,False,False,True,False,False,False,False,False,0,2,False,False,diagnosis,Metabolic Systemic,rare,Riboflavin Deficiency,Riboflavin Deficiency,Nutritional,vignette
p31,Dermatologist,10+ years,,10+ years,11,6,6703,3,A,Slit lamp examination of eye,A,Slit lamp examination of eye,True,A,A,True,True,True,False,True,True,False,False,3,3,True,True,diagnosis,Genetic Rare,moderate,Neurofibromatosis Type 1,Neurofibromatosis Type 1,Syndromic,short_stem
p31,Dermatologist,10+ years,,10+ years,11,7,1097,2,A,Dapsone,A,Dapsone,True,A,A,True,True,True,False,True,True,False,False,2,2,True,True,treatment,Infectious,moderate,Lepromatous Leprosy,Lepromatous Leprosy,Bacterial,vignette
p31,Dermatologist,10+ years,,10+ years,11,8,9636,2,D,Palisading nuclei,D,Palisading nuclei,True,D,D,True,True,True,False,True,True,False,False,1,2,False,True,diagnosis,Neoplastic,common,Basal Cell Carcinoma,Basal Cell Carcinoma,Malignant,short_stem
p31,Dermatologist,10+ years,,10+ years,11,9,6130,3,B,Isotretinoin,B,Isotretinoin,True,B,B,True,True,True,False,True,True,False,False,1,3,False,True,treatment,Inflammatory,common,Acne Vulgaris,Acne Vulgaris,Neutrophilic,short_stem
p31,Dermatologist,10+ years,,10+ years,11,10,323,4,A,Bilateral vestibular schwannomas,B,Optic nerve glioma,False,A,B,True,False,True,True,False,True,True,False,2,4,False,True,diagnosis,Genetic Rare,rare,Neurofibromatosis Type 2,Neurofibromatosis Type 2,Syndromic,vignette
p31,Dermatologist,10+ years,,10+ years,11,11,824,4,A,Excision endonuclease,A,Excision endonuclease,True,E,A,False,True,True,True,False,True,True,False,3,4,False,True,mechanism,Genetic Rare,rare,Xeroderma Pigmentosum,Xeroderma Pigmentosum,Genodermatoses,vignette
p31,Dermatologist,10+ years,,10+ years,11,12,1979,2,B,Dysplasia,B,Dysplasia,True,B,B,True,True,True,False,True,True,False,False,2,2,True,True,mechanism,Neoplastic,common,Actinic Keratosis,Actinic Keratosis,Premalignant,short_stem
p31,Dermatologist,10+ years,,10+ years,11,13,8604,3,A,Non-caseating Granuloma,A,Non-caseating Granuloma,True,C,C,False,False,True,False,False,False,False,False,1,3,False,True,diagnosis,Metabolic Systemic,moderate,Sarcoidosis,Sarcoidosis,Systemic Disease Manifestations,vignette
p31,Dermatologist,10+ years,,10+ years,11,14,401,4,D,Malignant melanoma,A,Colorectal cancer,False,D,A,True,False,True,True,False,True,True,False,3,4,False,True,prognosis,Genetic Rare,rare,Xeroderma Pigmentosum,Xeroderma Pigmentosum,Genodermatoses,short_stem
p31,Dermatologist,10+ years,,10+ years,11,15,1120,4,C,Coronary artery,C,Coronary artery,True,B,C,False,True,True,True,False,True,True,False,3,4,False,True,prognosis,Inflammatory,moderate,Kawasaki Disease,Kawasaki Disease,Vascular & Urticarial,vignette
p31,Dermatologist,10+ years,,10+ years,11,16,7061,3,A,"HPV 6, 11",A,"HPV 6, 11",True,B,A,False,True,True,True,False,True,True,False,2,3,False,True,mechanism,Infectious,common,Condyloma Acuminata,Condylomata Acuminata,Viral,short_stem
p35,Dermatologist,< 1 year,,< 1 year,12,1,1288,3,D,Dermatitis herpetiformis,D,Dermatitis herpetiformis,True,D,D,True,True,True,False,True,True,False,False,3,3,True,True,diagnosis,Inflammatory,moderate,Dermatitis Herpetiformis,Dermatitis Herpetiformis,Autoimmune,vignette
p35,Dermatologist,< 1 year,,< 1 year,12,2,7889,1,D,Capsule is made up of polysaccharide.,D,Capsule is made up of polysaccharide.,True,D,D,True,True,True,False,True,True,False,False,0,1,False,False,mechanism,Infectious,rare,Anthrax,Anthrax,Bacterial,short_stem
p35,Dermatologist,< 1 year,,< 1 year,12,3,186,3,A,Dapsone,A,Dapsone,True,A,A,True,True,True,False,True,True,False,False,2,3,False,True,treatment,Infectious,moderate,Lepromatous Leprosy,Lepromatous Leprosy,Bacterial,vignette
p35,Dermatologist,< 1 year,,< 1 year,12,4,772,3,D,Uroporphyrinogen III,D,Uroporphyrinogen III,True,D,D,True,True,True,False,True,True,False,False,0,3,False,False,mechanism,Metabolic Systemic,moderate,Porphyria Cutanea Tarda,Porphyria Cutanea Tarda,Systemic Disease Manifestations,vignette
p35,Dermatologist,< 1 year,,< 1 year,12,5,8953,2,A,The disease eventually disseminates to lymph nodes and internal organs.,A,The disease eventually disseminates to lymph nodes and internal organs.,True,A,A,True,True,True,False,True,True,False,False,0,2,False,False,prognosis,Neoplastic,moderate,Mycosis Fungoides,Mycosis Fungoides,Malignant,vignette
p35,Dermatologist,< 1 year,,< 1 year,12,6,3539,3,D,Filaggrin,D,Filaggrin,True,D,D,True,True,True,False,True,True,False,False,2,3,False,True,diagnosis,Genetic Rare,moderate,Ichthyosis Vulgaris,Ichthyosis Vulgaris,Genodermatoses,vignette
p35,Dermatologist,< 1 year,,< 1 year,12,7,7864,2,A,Minocycline,D,Doxycycline,False,C,C,False,False,True,False,False,False,False,False,0,2,False,False,treatment,Inflammatory,common,Acne Vulgaris,Acne Vulgaris,Neutrophilic,short_stem
p35,Dermatologist,< 1 year,,< 1 year,12,8,54,2,C,High TSH,C,High TSH,True,B,B,False,False,True,False,False,False,False,False,0,2,False,False,diagnosis,Metabolic Systemic,common,Hypothyroidism,Hypothyroidism,Endocrine-Associated,vignette
p35,Dermatologist,< 1 year,,< 1 year,12,9,8228,3,B,Oral isotretinoin,B,Oral isotretinoin,True,C,B,False,True,True,True,False,True,True,False,3,3,True,True,treatment,Inflammatory,common,Acne Vulgaris,Acne Vulgaris,Neutrophilic,short_stem
p35,Dermatologist,< 1 year,,< 1 year,12,10,1943,2,D,Herpes gestationis,D,Herpes gestationis,True,D,D,True,True,True,False,True,True,False,False,2,2,True,True,diagnosis,Inflammatory,rare,Herpes Gestationis,Herpes Gestationis,Autoimmune,vignette
p35,Dermatologist,< 1 year,,< 1 year,12,11,155,3,C,Document 2 negative urine or blood pregnancy tests before beginning oral isotretinoin,C,Document 2 negative urine or blood pregnancy tests before beginning oral isotretinoin,True,C,C,True,True,True,False,True,True,False,False,3,3,True,True,treatment,Inflammatory,common,Acne Vulgaris,Acne Vulgaris,Neutrophilic,vignette
p35,Dermatologist,< 1 year,,< 1 year,12,12,2427,3,C,Neurofibroma,C,Neurofibroma,True,C,C,True,True,True,False,True,True,False,False,3,3,True,True,diagnosis,Genetic Rare,moderate,Neurofibromatosis,Neurofibromatosis,Syndromic,short_stem
p35,Dermatologist,< 1 year,,< 1 year,12,13,1194,3,D,Lipid panel,D,Lipid panel,True,D,D,True,True,True,False,True,True,False,False,0,3,False,False,diagnosis,Metabolic Systemic,moderate,Xanthoma,Xanthoma,Endocrine-Associated,vignette
p35,Dermatologist,< 1 year,,< 1 year,12,14,9440,2,A,Patch test,B,Skin biopsy,False,B,B,False,False,True,False,True,True,False,False,0,2,False,False,diagnosis,Inflammatory,moderate,Polymorphic Light Eruption,Polymorphic Light Eruption,Eczematous,vignette
p35,Dermatologist,< 1 year,,< 1 year,12,15,514,2,B,Macule,B,Macule,True,B,B,True,True,True,False,True,True,False,False,1,2,False,True,diagnosis,Other,common,General,General,Unclassified,short_stem
p35,Dermatologist,< 1 year,,< 1 year,12,16,1320,2,C,Recognition of chemically dimerized bases,C,Recognition of chemically dimerized bases,True,C,C,True,True,True,False,True,True,False,False,0,2,False,False,mechanism,Genetic Rare,rare,Xeroderma Pigmentosum,Xeroderma Pigmentosum,Genodermatoses,vignette
p34,Dermatologist,10+ years,,10+ years,12,1,1288,3,D,Dermatitis herpetiformis,D,Dermatitis herpetiformis,True,D,D,True,True,True,False,True,True,False,False,0,3,False,False,diagnosis,Inflammatory,moderate,Dermatitis Herpetiformis,Dermatitis Herpetiformis,Autoimmune,vignette
p34,Dermatologist,10+ years,,10+ years,12,2,7889,1,D,Capsule is made up of polysaccharide.,D,Capsule is made up of polysaccharide.,True,D,D,True,True,True,False,True,True,False,False,0,1,False,False,mechanism,Infectious,rare,Anthrax,Anthrax,Bacterial,short_stem
p34,Dermatologist,10+ years,,10+ years,12,3,186,3,A,Dapsone,A,Dapsone,True,A,A,True,True,True,False,True,True,False,False,2,3,False,True,treatment,Infectious,moderate,Lepromatous Leprosy,Lepromatous Leprosy,Bacterial,vignette
p34,Dermatologist,10+ years,,10+ years,12,4,772,3,D,Uroporphyrinogen III,D,Uroporphyrinogen III,True,A,D,False,True,True,True,False,True,True,False,0,3,False,False,mechanism,Metabolic Systemic,moderate,Porphyria Cutanea Tarda,Porphyria Cutanea Tarda,Systemic Disease Manifestations,vignette
p34,Dermatologist,10+ years,,10+ years,12,5,8953,2,A,The disease eventually disseminates to lymph nodes and internal organs.,A,The disease eventually disseminates to lymph nodes and internal organs.,True,A,A,True,True,True,False,True,True,False,False,1,2,False,True,prognosis,Neoplastic,moderate,Mycosis Fungoides,Mycosis Fungoides,Malignant,vignette
p34,Dermatologist,10+ years,,10+ years,12,6,3539,3,D,Filaggrin,D,Filaggrin,True,D,D,True,True,True,False,True,True,False,False,2,3,False,True,diagnosis,Genetic Rare,moderate,Ichthyosis Vulgaris,Ichthyosis Vulgaris,Genodermatoses,vignette
p34,Dermatologist,10+ years,,10+ years,12,7,7864,2,A,Minocycline,D,Doxycycline,False,A,A,True,True,True,False,False,False,False,False,0,2,False,False,treatment,Inflammatory,common,Acne Vulgaris,Acne Vulgaris,Neutrophilic,short_stem
p34,Dermatologist,10+ years,,10+ years,12,8,54,2,C,High TSH,C,High TSH,True,C,C,True,True,True,False,True,True,False,False,2,2,True,True,diagnosis,Metabolic Systemic,common,Hypothyroidism,Hypothyroidism,Endocrine-Associated,vignette
p34,Dermatologist,10+ years,,10+ years,12,9,8228,3,B,Oral isotretinoin,B,Oral isotretinoin,True,B,B,True,True,True,False,True,True,False,False,3,3,True,True,treatment,Inflammatory,common,Acne Vulgaris,Acne Vulgaris,Neutrophilic,short_stem
p34,Dermatologist,10+ years,,10+ years,12,10,1943,2,D,Herpes gestationis,D,Herpes gestationis,True,B,D,False,True,True,True,False,True,True,False,2,2,True,True,diagnosis,Inflammatory,rare,Herpes Gestationis,Herpes Gestationis,Autoimmune,vignette
p34,Dermatologist,10+ years,,10+ years,12,11,155,3,C,Document 2 negative urine or blood pregnancy tests before beginning oral isotretinoin,C,Document 2 negative urine or blood pregnancy tests before beginning oral isotretinoin,True,C,C,True,True,True,False,True,True,False,False,0,3,False,False,treatment,Inflammatory,common,Acne Vulgaris,Acne Vulgaris,Neutrophilic,vignette
p34,Dermatologist,10+ years,,10+ years,12,12,2427,3,C,Neurofibroma,C,Neurofibroma,True,C,C,True,True,True,False,True,True,False,False,3,3,True,True,diagnosis,Genetic Rare,moderate,Neurofibromatosis,Neurofibromatosis,Syndromic,short_stem
p34,Dermatologist,10+ years,,10+ years,12,13,1194,3,D,Lipid panel,D,Lipid panel,True,D,D,True,True,True,False,True,True,False,False,0,3,False,False,diagnosis,Metabolic Systemic,moderate,Xanthoma,Xanthoma,Endocrine-Associated,vignette
p34,Dermatologist,10+ years,,10+ years,12,14,9440,2,A,Patch test,B,Skin biopsy,False,A,B,True,False,True,True,False,True,True,False,1,2,False,True,diagnosis,Inflammatory,moderate,Polymorphic Light Eruption,Polymorphic Light Eruption,Eczematous,vignette
p34,Dermatologist,10+ years,,10+ years,12,15,514,2,B,Macule,B,Macule,True,B,B,True,True,True,False,True,True,False,False,2,2,True,True,diagnosis,Other,common,General,General,Unclassified,short_stem
p34,Dermatologist,10+ years,,10+ years,12,16,1320,2,C,Recognition of chemically dimerized bases,C,Recognition of chemically dimerized bases,True,E,D,False,False,True,True,False,False,False,False,0,2,False,False,mechanism,Genetic Rare,rare,Xeroderma Pigmentosum,Xeroderma Pigmentosum,Genodermatoses,vignette
p36,Dermatologist,4-9 years,,4-9 years,12,1,1288,3,D,Dermatitis herpetiformis,D,Dermatitis herpetiformis,True,D,D,True,True,True,False,True,True,False,False,3,3,True,True,diagnosis,Inflammatory,moderate,Dermatitis Herpetiformis,Dermatitis Herpetiformis,Autoimmune,vignette
p36,Dermatologist,4-9 years,,4-9 years,12,2,7889,1,D,Capsule is made up of polysaccharide.,D,Capsule is made up of polysaccharide.,True,A,A,False,False,True,False,False,False,False,False,0,1,False,False,mechanism,Infectious,rare,Anthrax,Anthrax,Bacterial,short_stem
p36,Dermatologist,4-9 years,,4-9 years,12,3,186,3,A,Dapsone,A,Dapsone,True,C,A,False,True,True,True,False,True,True,False,3,3,True,True,treatment,Infectious,moderate,Lepromatous Leprosy,Lepromatous Leprosy,Bacterial,vignette
p36,Dermatologist,4-9 years,,4-9 years,12,4,772,3,D,Uroporphyrinogen III,D,Uroporphyrinogen III,True,B,D,False,True,True,True,False,True,True,False,3,3,True,True,mechanism,Metabolic Systemic,moderate,Porphyria Cutanea Tarda,Porphyria Cutanea Tarda,Systemic Disease Manifestations,vignette
p36,Dermatologist,4-9 years,,4-9 years,12,5,8953,2,A,The disease eventually disseminates to lymph nodes and internal organs.,A,The disease eventually disseminates to lymph nodes and internal organs.,True,B,B,False,False,True,False,False,False,False,False,0,2,False,False,prognosis,Neoplastic,moderate,Mycosis Fungoides,Mycosis Fungoides,Malignant,vignette
p36,Dermatologist,4-9 years,,4-9 years,12,6,3539,3,D,Filaggrin,D,Filaggrin,True,D,D,True,True,True,False,True,True,False,False,3,3,True,True,diagnosis,Genetic Rare,moderate,Ichthyosis Vulgaris,Ichthyosis Vulgaris,Genodermatoses,vignette
p36,Dermatologist,4-9 years,,4-9 years,12,7,7864,2,A,Minocycline,D,Doxycycline,False,B,B,False,False,True,False,False,False,False,False,0,2,False,False,treatment,Inflammatory,common,Acne Vulgaris,Acne Vulgaris,Neutrophilic,short_stem
p36,Dermatologist,4-9 years,,4-9 years,12,8,54,2,C,High TSH,C,High TSH,True,C,C,True,True,True,False,True,True,False,False,1,2,False,True,diagnosis,Metabolic Systemic,common,Hypothyroidism,Hypothyroidism,Endocrine-Associated,vignette
p36,Dermatologist,4-9 years,,4-9 years,12,9,8228,3,B,Oral isotretinoin,B,Oral isotretinoin,True,B,B,True,True,True,False,True,True,False,False,3,3,True,True,treatment,Inflammatory,common,Acne Vulgaris,Acne Vulgaris,Neutrophilic,short_stem
p36,Dermatologist,4-9 years,,4-9 years,12,10,1943,2,D,Herpes gestationis,D,Herpes gestationis,True,B,D,False,True,True,True,False,True,True,False,2,2,True,True,diagnosis,Inflammatory,rare,Herpes Gestationis,Herpes Gestationis,Autoimmune,vignette
p36,Dermatologist,4-9 years,,4-9 years,12,11,155,3,C,Document 2 negative urine or blood pregnancy tests before beginning oral isotretinoin,C,Document 2 negative urine or blood pregnancy tests before beginning oral isotretinoin,True,C,C,True,True,True,False,True,True,False,False,3,3,True,True,treatment,Inflammatory,common,Acne Vulgaris,Acne Vulgaris,Neutrophilic,vignette
p36,Dermatologist,4-9 years,,4-9 years,12,12,2427,3,C,Neurofibroma,C,Neurofibroma,True,C,C,True,True,True,False,True,True,False,False,3,3,True,True,diagnosis,Genetic Rare,moderate,Neurofibromatosis,Neurofibromatosis,Syndromic,short_stem
p36,Dermatologist,4-9 years,,4-9 years,12,13,1194,3,D,Lipid panel,D,Lipid panel,True,D,D,True,True,True,False,True,True,False,False,2,3,False,True,diagnosis,Metabolic Systemic,moderate,Xanthoma,Xanthoma,Endocrine-Associated,vignette
p36,Dermatologist,4-9 years,,4-9 years,12,14,9440,2,A,Patch test,B,Skin biopsy,False,B,B,False,False,True,False,True,True,False,False,1,2,False,True,diagnosis,Inflammatory,moderate,Polymorphic Light Eruption,Polymorphic Light Eruption,Eczematous,vignette
p36,Dermatologist,4-9 years,,4-9 years,12,15,514,2,B,Macule,B,Macule,True,B,B,True,True,True,False,True,True,False,False,1,2,False,True,diagnosis,Other,common,General,General,Unclassified,short_stem
p36,Dermatologist,4-9 years,,4-9 years,12,16,1320,2,C,Recognition of chemically dimerized bases,C,Recognition of chemically dimerized bases,True,D,C,False,True,True,True,False,True,True,False,2,2,True,True,mechanism,Genetic Rare,rare,Xeroderma Pigmentosum,Xeroderma Pigmentosum,Genodermatoses,vignette
p37,Dermatologist,10+ years,,10+ years,13,1,9930,3,B,Scabies,B,Scabies,True,B,B,True,True,True,False,True,True,False,False,3,3,True,True,diagnosis,Infectious,common,Scabies,Scabies,Parasitic & Other,short_stem
p37,Dermatologist,10+ years,,10+ years,13,2,2690,3,C,Continue dapsone and give steroids,C,Continue dapsone and give steroids,True,A,C,False,True,True,True,False,True,True,False,3,3,True,True,treatment,Infectious,moderate,Borderline Tuberculoid Leprosy,Borderline Tuberculoid Leprosy,Bacterial,short_stem
p37,Dermatologist,10+ years,,10+ years,13,3,790,1,E,Increased erythropoietin production,E,Increased erythropoietin production,True,B,B,False,False,True,False,False,False,False,False,0,1,False,False,mechanism,Metabolic Systemic,moderate,Polycythemia Vera,Polycythemia Vera,Systemic Disease Manifestations,vignette
p37,Dermatologist,10+ years,,10+ years,13,4,794,2,B,Acute promyelocytic leukemia,B,Acute promyelocytic leukemia,True,B,B,True,True,True,False,True,True,False,False,0,2,False,False,mechanism,Inflammatory,common,Acne Vulgaris,Acne Vulgaris,Neutrophilic,vignette
p37,Dermatologist,10+ years,,10+ years,13,5,6756,3,C,Congenital epidermolysis bullosa,C,Congenital epidermolysis bullosa,True,C,C,True,True,True,False,True,True,False,False,3,3,True,True,diagnosis,Genetic Rare,rare,Epidermolysis Bullosa,Epidermolysis Bullosa,Genodermatoses,short_stem
p37,Dermatologist,10+ years,,10+ years,13,6,158,2,C,UV-B radiation,C,UV-B radiation,True,C,C,True,True,True,False,True,True,False,False,2,2,True,True,mechanism,Genetic Rare,rare,Xeroderma Pigmentosum,Xeroderma Pigmentosum,Genodermatoses,vignette
p37,Dermatologist,10+ years,,10+ years,13,7,1730,3,D,Coronary artery aneurysm,D,Coronary artery aneurysm,True,D,D,True,True,True,False,True,True,False,False,3,3,True,True,prognosis,Inflammatory,moderate,Kawasaki Disease,Kawasaki Disease,Vascular & Urticarial,vignette
p37,Dermatologist,10+ years,,10+ years,13,8,606,3,E,Dark-field microscopy,E,Dark-field microscopy,True,E,E,True,True,True,False,True,True,False,False,3,3,True,True,diagnosis,Infectious,moderate,Syphilis,Syphilis,Bacterial,vignette
p37,Dermatologist,10+ years,,10+ years,13,9,4712,1,D,T-Rifampicin 600 mg & T-clofazimine 300 mg once a month and T-clofazimine 50 mg daily + T. Dapsone 100 mg daily for 6 months,D,T-Rifampicin 600 mg & T-clofazimine 300 mg once a month and T-clofazimine 50 mg daily + T. Dapsone 100 mg daily for 6 months,True,C,C,False,False,True,False,False,False,False,False,0,1,False,False,treatment,Infectious,moderate,Leprosy,Leprosy,Bacterial,short_stem
p37,Dermatologist,10+ years,,10+ years,13,10,7405,3,B,VDRL test,B,VDRL test,True,B,B,True,True,True,False,True,True,False,False,0,3,False,False,diagnosis,Infectious,moderate,Syphilis,Syphilis,Bacterial,vignette
p37,Dermatologist,10+ years,,10+ years,13,11,1169,1,B,Macule,B,Macule,True,B,B,True,True,True,False,True,True,False,False,1,1,True,True,diagnosis,Other,common,General,General,Unclassified,short_stem
p37,Dermatologist,10+ years,,10+ years,13,12,1513,2,C,Verrucous epidermal nevus,D,Linear Darier's disease,False,C,D,True,False,True,True,False,True,True,False,1,2,False,True,diagnosis,Neoplastic,moderate,Verrucous Epidermal Nevus,Verrucous Epidermal Nevus,Benign,short_stem
p37,Dermatologist,10+ years,,10+ years,13,13,6146,1,A,Pellagra,A,Pellagra,True,A,A,True,True,True,False,True,True,False,False,1,1,True,True,diagnosis,Metabolic Systemic,rare,Pellagra,Pellagra,Nutritional,short_stem
p37,Dermatologist,10+ years,,10+ years,13,14,1214,3,A,Cryotherapy,F,Topical imiquimod,False,A,A,True,True,True,False,False,False,False,False,0,3,False,False,treatment,Infectious,common,Condyloma Acuminata,Condylomata Acuminata,Viral,vignette
p37,Dermatologist,10+ years,,10+ years,13,15,7310,3,B,Isotretinoin,B,Isotretinoin,True,B,B,True,True,True,False,True,True,False,False,3,3,True,True,treatment,Inflammatory,common,Acne Vulgaris,Acne Vulgaris,Neutrophilic,short_stem
p37,Dermatologist,10+ years,,10+ years,13,16,2652,3,A,SLE,A,SLE,True,A,A,True,True,True,False,True,True,False,False,3,3,True,True,diagnosis,Inflammatory,moderate,Systemic Lupus Erythematosus,Systemic Lupus Erythematosus,Autoimmune,short_stem
p39,Dermatologist,4-9 years,,4-9 years,13,1,9930,3,B,Scabies,B,Scabies,True,B,B,True,True,True,False,True,True,False,False,3,3,True,True,diagnosis,Infectious,common,Scabies,Scabies,Parasitic & Other,short_stem
p39,Dermatologist,4-9 years,,4-9 years,13,2,2690,3,C,Continue dapsone and give steroids,C,Continue dapsone and give steroids,True,A,C,False,True,True,True,False,True,True,False,2,3,False,True,treatment,Infectious,moderate,Borderline Tuberculoid Leprosy,Borderline Tuberculoid Leprosy,Bacterial,short_stem
p39,Dermatologist,4-9 years,,4-9 years,13,3,790,1,E,Increased erythropoietin production,E,Increased erythropoietin production,True,B,B,False,False,True,False,False,False,False,False,0,1,False,False,mechanism,Metabolic Systemic,moderate,Polycythemia Vera,Polycythemia Vera,Systemic Disease Manifestations,vignette
p39,Dermatologist,4-9 years,,4-9 years,13,4,794,2,B,Acute promyelocytic leukemia,B,Acute promyelocytic leukemia,True,B,B,True,True,True,False,True,True,False,False,0,2,False,False,mechanism,Inflammatory,common,Acne Vulgaris,Acne Vulgaris,Neutrophilic,vignette
p39,Dermatologist,4-9 years,,4-9 years,13,5,6756,3,C,Congenital epidermolysis bullosa,C,Congenital epidermolysis bullosa,True,C,C,True,True,True,False,True,True,False,False,1,3,False,True,diagnosis,Genetic Rare,rare,Epidermolysis Bullosa,Epidermolysis Bullosa,Genodermatoses,short_stem
p39,Dermatologist,4-9 years,,4-9 years,13,6,158,2,C,UV-B radiation,C,UV-B radiation,True,C,C,True,True,True,False,True,True,False,False,1,2,False,True,mechanism,Genetic Rare,rare,Xeroderma Pigmentosum,Xeroderma Pigmentosum,Genodermatoses,vignette
p39,Dermatologist,4-9 years,,4-9 years,13,7,1730,3,D,Coronary artery aneurysm,D,Coronary artery aneurysm,True,A,D,False,True,True,True,False,True,True,False,2,3,False,True,prognosis,Inflammatory,moderate,Kawasaki Disease,Kawasaki Disease,Vascular & Urticarial,vignette
p39,Dermatologist,4-9 years,,4-9 years,13,8,606,3,E,Dark-field microscopy,E,Dark-field microscopy,True,D,E,False,True,True,True,False,True,True,False,3,3,True,True,diagnosis,Infectious,moderate,Syphilis,Syphilis,Bacterial,vignette
p39,Dermatologist,4-9 years,,4-9 years,13,9,4712,1,D,T-Rifampicin 600 mg & T-clofazimine 300 mg once a month and T-clofazimine 50 mg daily + T. Dapsone 100 mg daily for 6 months,D,T-Rifampicin 600 mg & T-clofazimine 300 mg once a month and T-clofazimine 50 mg daily + T. Dapsone 100 mg daily for 6 months,True,D,D,True,True,True,False,True,True,False,False,0,1,False,False,treatment,Infectious,moderate,Leprosy,Leprosy,Bacterial,short_stem
p39,Dermatologist,4-9 years,,4-9 years,13,10,7405,3,B,VDRL test,B,VDRL test,True,B,B,True,True,True,False,True,True,False,False,3,3,True,True,diagnosis,Infectious,moderate,Syphilis,Syphilis,Bacterial,vignette
p39,Dermatologist,4-9 years,,4-9 years,13,11,1169,1,B,Macule,B,Macule,True,B,B,True,True,True,False,True,True,False,False,1,1,True,True,diagnosis,Other,common,General,General,Unclassified,short_stem
p39,Dermatologist,4-9 years,,4-9 years,13,12,1513,2,C,Verrucous epidermal nevus,D,Linear Darier's disease,False,C,C,True,True,True,False,False,False,False,False,1,2,False,True,diagnosis,Neoplastic,moderate,Verrucous Epidermal Nevus,Verrucous Epidermal Nevus,Benign,short_stem
p39,Dermatologist,4-9 years,,4-9 years,13,13,6146,1,A,Pellagra,A,Pellagra,True,A,A,True,True,True,False,True,True,False,False,1,1,True,True,diagnosis,Metabolic Systemic,rare,Pellagra,Pellagra,Nutritional,short_stem
p39,Dermatologist,4-9 years,,4-9 years,13,14,1214,3,A,Cryotherapy,F,Topical imiquimod,False,A,A,True,True,True,False,False,False,False,False,0,3,False,False,treatment,Infectious,common,Condyloma Acuminata,Condylomata Acuminata,Viral,vignette
p39,Dermatologist,4-9 years,,4-9 years,13,15,7310,3,B,Isotretinoin,B,Isotretinoin,True,B,B,True,True,True,False,True,True,False,False,3,3,True,True,treatment,Inflammatory,common,Acne Vulgaris,Acne Vulgaris,Neutrophilic,short_stem
p39,Dermatologist,4-9 years,,4-9 years,13,16,2652,3,A,SLE,A,SLE,True,A,A,True,True,True,False,True,True,False,False,2,3,False,True,diagnosis,Inflammatory,moderate,Systemic Lupus Erythematosus,Systemic Lupus Erythematosus,Autoimmune,short_stem
p42,Dermatologist,10+ years,,10+ years,14,1,7530,3,A,Angiosarcoma,A,Angiosarcoma,True,A,A,True,True,True,False,True,True,False,False,3,3,True,True,mechanism,Neoplastic,moderate,Kaposi Sarcoma,Kaposi Sarcoma,Vascular Tumours,vignette
p42,Dermatologist,10+ years,,10+ years,14,2,433,2,D,Increased urinary uroporphyrin,D,Increased urinary uroporphyrin,True,B,D,False,True,True,True,False,True,True,False,2,2,True,True,diagnosis,Metabolic Systemic,moderate,Porphyria Cutanea Tarda,Porphyria Cutanea Tarda,Systemic Disease Manifestations,vignette
p42,Dermatologist,10+ years,,10+ years,14,3,248,1,D,No pharmacotherapy,B,Doxycycline,False,A,A,False,False,True,False,False,False,False,False,1,1,True,True,treatment,Infectious,moderate,Cat Scratch Disease,Cat Scratch Disease,Bacterial,vignette
p42,Dermatologist,10+ years,,10+ years,14,4,1408,1,E,Trimethoprim-sulfamethoxazole,E,Trimethoprim-sulfamethoxazole,True,A,A,False,False,True,False,False,False,False,False,0,1,False,False,treatment,Infectious,rare,Nocardiosis,Nocardiosis,Bacterial,vignette
p42,Dermatologist,10+ years,,10+ years,14,5,6378,4,C,Dapsone,C,Dapsone,True,B,C,False,True,True,True,False,True,True,False,4,4,True,True,treatment,Inflammatory,moderate,Dermatitis Herpetiformis,Dermatitis Herpetiformis,Autoimmune,vignette
p42,Dermatologist,10+ years,,10+ years,14,6,8291,1,C,Histiocytosis X,C,Histiocytosis X,True,D,C,False,True,True,True,False,True,True,False,1,1,True,True,diagnosis,Neoplastic,rare,Langerhans Cell Histiocytosis,Langerhans Cell Histiocytosis,Malignant,short_stem
p42,Dermatologist,10+ years,,10+ years,14,7,455,2,B,Lymphocytic infiltrate at the dermal-epidermal junction,B,Lymphocytic infiltrate at the dermal-epidermal junction,True,B,B,True,True,True,False,True,True,False,False,1,2,False,True,diagnosis,Inflammatory,moderate,Lichen Planus,Lichen Planus,Papulosquamous,vignette
p42,Dermatologist,10+ years,,10+ years,14,8,6302,1,C,Verrucous epidermal nevus,A,Incontinentia pigmenti,False,C,A,True,False,True,True,False,True,True,False,1,1,True,True,diagnosis,Neoplastic,moderate,Verrucous Epidermal Nevus,Verrucous Epidermal Nevus,Benign,short_stem
p42,Dermatologist,10+ years,,10+ years,14,9,1395,3,C,Immunologic response to gluten,C,Immunologic response to gluten,True,D,C,False,True,True,True,False,True,True,False,3,3,True,True,diagnosis,Inflammatory,rare,Dermatitis Herpetiformis,Dermatitis Herpetiformis,Autoimmune,vignette
p42,Dermatologist,10+ years,,10+ years,14,10,4119,3,A,Benign mucous membrane pemphigoid,A,Benign mucous membrane pemphigoid,True,C,C,False,False,True,False,False,False,False,False,2,3,False,True,diagnosis,Inflammatory,rare,Mucous Membrane Pemphigoid,Mucous Membrane Pemphigoid,Autoimmune,short_stem
p42,Dermatologist,10+ years,,10+ years,14,11,1151,2,B,Sarcoidosis,B,Sarcoidosis,True,B,B,True,True,True,False,True,True,False,False,2,2,True,True,diagnosis,Metabolic Systemic,moderate,Sarcoidosis,Sarcoidosis,Systemic Disease Manifestations,vignette
p42,Dermatologist,10+ years,,10+ years,14,12,394,3,A,Donor T cells in the graft,A,Donor T cells in the graft,True,D,A,False,True,True,True,False,True,True,False,3,3,True,True,mechanism,Inflammatory,moderate,Graft-Versus-Host Disease,Graft-Versus-Host Disease,Autoimmune,vignette
p42,Dermatologist,10+ years,,10+ years,14,13,339,2,A,Sensory neuropathy,A,Sensory neuropathy,True,A,A,True,True,True,False,True,True,False,False,2,2,True,True,prognosis,Infectious,common,Herpes Zoster,Herpes Zoster,Viral,vignette
p42,Dermatologist,10+ years,,10+ years,14,14,9472,2,A,Granuloma annulare,A,Granuloma annulare,True,A,A,True,True,True,False,True,True,False,False,2,2,True,True,diagnosis,Inflammatory,moderate,Granuloma Annulare,Granuloma Annulare,Autoimmune,short_stem
p42,Dermatologist,10+ years,,10+ years,14,15,8992,3,A,Topical retinoids,A,Topical retinoids,True,A,A,True,True,True,False,True,True,False,False,3,3,True,True,treatment,Inflammatory,common,Acne Vulgaris,Acne Vulgaris,Neutrophilic,short_stem
p42,Dermatologist,10+ years,,10+ years,14,16,119,4,A,Intrastrand cross-linking of thymidine residues in DNA,A,Intrastrand cross-linking of thymidine residues in DNA,True,D,A,False,True,True,True,False,True,True,False,1,4,False,True,mechanism,Neoplastic,common,Squamous Cell Carcinoma,Squamous Cell Carcinoma,Malignant,vignette
p41,Dermatologist,10+ years,,10+ years,14,1,7530,3,A,Angiosarcoma,A,Angiosarcoma,True,A,A,True,True,True,False,True,True,False,False,2,3,False,True,mechanism,Neoplastic,moderate,Kaposi Sarcoma,Kaposi Sarcoma,Vascular Tumours,vignette
p41,Dermatologist,10+ years,,10+ years,14,2,433,2,D,Increased urinary uroporphyrin,D,Increased urinary uroporphyrin,True,D,D,True,True,True,False,True,True,False,False,1,2,False,True,diagnosis,Metabolic Systemic,moderate,Porphyria Cutanea Tarda,Porphyria Cutanea Tarda,Systemic Disease Manifestations,vignette
p41,Dermatologist,10+ years,,10+ years,14,3,248,1,D,No pharmacotherapy,B,Doxycycline,False,A,A,False,False,True,False,False,False,False,False,0,1,False,False,treatment,Infectious,moderate,Cat Scratch Disease,Cat Scratch Disease,Bacterial,vignette
p41,Dermatologist,10+ years,,10+ years,14,4,1408,1,E,Trimethoprim-sulfamethoxazole,E,Trimethoprim-sulfamethoxazole,True,E,E,True,True,True,False,True,True,False,False,0,1,False,False,treatment,Infectious,rare,Nocardiosis,Nocardiosis,Bacterial,vignette
p41,Dermatologist,10+ years,,10+ years,14,5,6378,4,C,Dapsone,C,Dapsone,True,C,C,True,True,True,False,True,True,False,False,3,4,False,True,treatment,Inflammatory,moderate,Dermatitis Herpetiformis,Dermatitis Herpetiformis,Autoimmune,vignette
p41,Dermatologist,10+ years,,10+ years,14,6,8291,1,C,Histiocytosis X,C,Histiocytosis X,True,C,C,True,True,True,False,True,True,False,False,1,1,True,True,diagnosis,Neoplastic,rare,Langerhans Cell Histiocytosis,Langerhans Cell Histiocytosis,Malignant,short_stem
p41,Dermatologist,10+ years,,10+ years,14,7,455,2,B,Lymphocytic infiltrate at the dermal-epidermal junction,B,Lymphocytic infiltrate at the dermal-epidermal junction,True,B,B,True,True,True,False,True,True,False,False,0,2,False,False,diagnosis,Inflammatory,moderate,Lichen Planus,Lichen Planus,Papulosquamous,vignette
p41,Dermatologist,10+ years,,10+ years,14,8,6302,1,C,Verrucous epidermal nevus,A,Incontinentia pigmenti,False,C,C,True,True,True,False,False,False,False,False,0,1,False,False,diagnosis,Neoplastic,moderate,Verrucous Epidermal Nevus,Verrucous Epidermal Nevus,Benign,short_stem
p41,Dermatologist,10+ years,,10+ years,14,9,1395,3,C,Immunologic response to gluten,C,Immunologic response to gluten,True,C,C,True,True,True,False,True,True,False,False,2,3,False,True,diagnosis,Inflammatory,rare,Dermatitis Herpetiformis,Dermatitis Herpetiformis,Autoimmune,vignette
p41,Dermatologist,10+ years,,10+ years,14,10,4119,3,A,Benign mucous membrane pemphigoid,A,Benign mucous membrane pemphigoid,True,C,C,False,False,True,False,False,False,False,False,1,3,False,True,diagnosis,Inflammatory,rare,Mucous Membrane Pemphigoid,Mucous Membrane Pemphigoid,Autoimmune,short_stem
p41,Dermatologist,10+ years,,10+ years,14,11,1151,2,B,Sarcoidosis,B,Sarcoidosis,True,B,B,True,True,True,False,True,True,False,False,0,2,False,False,diagnosis,Metabolic Systemic,moderate,Sarcoidosis,Sarcoidosis,Systemic Disease Manifestations,vignette
p41,Dermatologist,10+ years,,10+ years,14,12,394,3,A,Donor T cells in the graft,A,Donor T cells in the graft,True,A,A,True,True,True,False,True,True,False,False,1,3,False,True,mechanism,Inflammatory,moderate,Graft-Versus-Host Disease,Graft-Versus-Host Disease,Autoimmune,vignette
p41,Dermatologist,10+ years,,10+ years,14,13,339,2,A,Sensory neuropathy,A,Sensory neuropathy,True,A,A,True,True,True,False,True,True,False,False,1,2,False,True,prognosis,Infectious,common,Herpes Zoster,Herpes Zoster,Viral,vignette
p41,Dermatologist,10+ years,,10+ years,14,14,9472,2,A,Granuloma annulare,A,Granuloma annulare,True,A,A,True,True,True,False,True,True,False,False,2,2,True,True,diagnosis,Inflammatory,moderate,Granuloma Annulare,Granuloma Annulare,Autoimmune,short_stem
p41,Dermatologist,10+ years,,10+ years,14,15,8992,3,A,Topical retinoids,A,Topical retinoids,True,A,A,True,True,True,False,True,True,False,False,3,3,True,True,treatment,Inflammatory,common,Acne Vulgaris,Acne Vulgaris,Neutrophilic,short_stem
p41,Dermatologist,10+ years,,10+ years,14,16,119,4,A,Intrastrand cross-linking of thymidine residues in DNA,A,Intrastrand cross-linking of thymidine residues in DNA,True,A,A,True,True,True,False,True,True,False,False,3,4,False,True,mechanism,Neoplastic,common,Squamous Cell Carcinoma,Squamous Cell Carcinoma,Malignant,vignette
p40,Dermatologist,10+ years,,10+ years,14,1,7530,3,A,Angiosarcoma,A,Angiosarcoma,True,A,A,True,True,True,False,True,True,False,False,2,3,False,True,mechanism,Neoplastic,moderate,Kaposi Sarcoma,Kaposi Sarcoma,Vascular Tumours,vignette
p40,Dermatologist,10+ years,,10+ years,14,2,433,2,D,Increased urinary uroporphyrin,D,Increased urinary uroporphyrin,True,D,D,True,True,True,False,True,True,False,False,1,2,False,True,diagnosis,Metabolic Systemic,moderate,Porphyria Cutanea Tarda,Porphyria Cutanea Tarda,Systemic Disease Manifestations,vignette
p40,Dermatologist,10+ years,,10+ years,14,3,248,1,D,No pharmacotherapy,B,Doxycycline,False,A,A,False,False,True,False,False,False,False,False,0,1,False,False,treatment,Infectious,moderate,Cat Scratch Disease,Cat Scratch Disease,Bacterial,vignette
p40,Dermatologist,10+ years,,10+ years,14,4,1408,1,E,Trimethoprim-sulfamethoxazole,E,Trimethoprim-sulfamethoxazole,True,B,B,False,False,True,False,False,False,False,False,0,1,False,False,treatment,Infectious,rare,Nocardiosis,Nocardiosis,Bacterial,vignette
p40,Dermatologist,10+ years,,10+ years,14,5,6378,4,C,Dapsone,C,Dapsone,True,C,C,True,True,True,False,True,True,False,False,3,4,False,True,treatment,Inflammatory,moderate,Dermatitis Herpetiformis,Dermatitis Herpetiformis,Autoimmune,vignette
p40,Dermatologist,10+ years,,10+ years,14,6,8291,1,C,Histiocytosis X,C,Histiocytosis X,True,C,C,True,True,True,False,True,True,False,False,1,1,True,True,diagnosis,Neoplastic,rare,Langerhans Cell Histiocytosis,Langerhans Cell Histiocytosis,Malignant,short_stem
p40,Dermatologist,10+ years,,10+ years,14,7,455,2,B,Lymphocytic infiltrate at the dermal-epidermal junction,B,Lymphocytic infiltrate at the dermal-epidermal junction,True,A,B,False,True,True,True,False,True,True,False,2,2,True,True,diagnosis,Inflammatory,moderate,Lichen Planus,Lichen Planus,Papulosquamous,vignette
p40,Dermatologist,10+ years,,10+ years,14,8,6302,1,C,Verrucous epidermal nevus,A,Incontinentia pigmenti,False,C,C,True,True,True,False,False,False,False,False,0,1,False,False,diagnosis,Neoplastic,moderate,Verrucous Epidermal Nevus,Verrucous Epidermal Nevus,Benign,short_stem
p40,Dermatologist,10+ years,,10+ years,14,9,1395,3,C,Immunologic response to gluten,C,Immunologic response to gluten,True,E,E,False,False,True,False,False,False,False,False,1,3,False,True,diagnosis,Inflammatory,rare,Dermatitis Herpetiformis,Dermatitis Herpetiformis,Autoimmune,vignette
p40,Dermatologist,10+ years,,10+ years,14,10,4119,3,A,Benign mucous membrane pemphigoid,A,Benign mucous membrane pemphigoid,True,C,C,False,False,True,False,False,False,False,False,3,3,True,True,diagnosis,Inflammatory,rare,Mucous Membrane Pemphigoid,Mucous Membrane Pemphigoid,Autoimmune,short_stem
p40,Dermatologist,10+ years,,10+ years,14,11,1151,2,B,Sarcoidosis,B,Sarcoidosis,True,B,B,True,True,True,False,True,True,False,False,2,2,True,True,diagnosis,Metabolic Systemic,moderate,Sarcoidosis,Sarcoidosis,Systemic Disease Manifestations,vignette
p40,Dermatologist,10+ years,,10+ years,14,12,394,3,A,Donor T cells in the graft,A,Donor T cells in the graft,True,D,A,False,True,True,True,False,True,True,False,1,3,False,True,mechanism,Inflammatory,moderate,Graft-Versus-Host Disease,Graft-Versus-Host Disease,Autoimmune,vignette
p40,Dermatologist,10+ years,,10+ years,14,13,339,2,A,Sensory neuropathy,A,Sensory neuropathy,True,A,A,True,True,True,False,True,True,False,False,2,2,True,True,prognosis,Infectious,common,Herpes Zoster,Herpes Zoster,Viral,vignette
p40,Dermatologist,10+ years,,10+ years,14,14,9472,2,A,Granuloma annulare,A,Granuloma annulare,True,A,A,True,True,True,False,True,True,False,False,2,2,True,True,diagnosis,Inflammatory,moderate,Granuloma Annulare,Granuloma Annulare,Autoimmune,short_stem
p40,Dermatologist,10+ years,,10+ years,14,15,8992,3,A,Topical retinoids,A,Topical retinoids,True,A,A,True,True,True,False,True,True,False,False,3,3,True,True,treatment,Inflammatory,common,Acne Vulgaris,Acne Vulgaris,Neutrophilic,short_stem
p40,Dermatologist,10+ years,,10+ years,14,16,119,4,A,Intrastrand cross-linking of thymidine residues in DNA,A,Intrastrand cross-linking of thymidine residues in DNA,True,A,A,True,True,True,False,True,True,False,False,3,4,False,True,mechanism,Neoplastic,common,Squamous Cell Carcinoma,Squamous Cell Carcinoma,Malignant,vignette
p44,Dermatology resident,,,,15,1,1487,3,A,Oral griseofulvin therapy,A,Oral griseofulvin therapy,True,A,A,True,True,True,False,True,True,False,False,2,3,False,True,treatment,Infectious,common,Tinea Capitis,Tinea Capitis,Fungal,short_stem
p44,Dermatology resident,,,,15,2,1810,3,B,Lamellar ichthyosis,B,Lamellar ichthyosis,True,B,B,True,True,True,False,True,True,False,False,2,3,False,True,diagnosis,Genetic Rare,rare,Lamellar Ichthyosis,Lamellar Ichthyosis,Genodermatoses,vignette
p44,Dermatology resident,,,,15,3,8749,1,A,Pautrier's micro abscess,A,Pautrier's micro abscess,True,A,A,True,True,True,False,True,True,False,False,0,1,False,False,diagnosis,Neoplastic,moderate,Mycosis Fungoides,Mycosis Fungoides,Malignant,vignette
p44,Dermatology resident,,,,15,4,322,3,B,Apocrine gland,B,Apocrine gland,True,B,B,True,True,True,False,True,True,False,False,3,3,True,True,mechanism,Other,common,General,General,Unclassified,short_stem
p44,Dermatology resident,,,,15,5,3273,2,C,Melasma may or may not return with each subsequent pregnancy,C,Melasma may or may not return with each subsequent pregnancy,True,C,C,True,True,True,False,True,True,False,False,1,2,False,True,prognosis,Pigmentation,moderate,Melasma,Melasma,Hyperpigmentation,vignette
p44,Dermatology resident,,,,15,6,57,3,B,Scalded skin syndrome,B,Scalded skin syndrome,True,B,B,True,True,True,False,True,True,False,False,1,3,False,True,diagnosis,Infectious,moderate,Staphylococcal Scalded Skin Syndrome,Staphylococcal Scalded Skin Syndrome,Bacterial,vignette
p44,Dermatology resident,,,,15,7,1085,2,C,Inhibition of thymidylate synthase,C,Inhibition of thymidylate synthase,True,E,E,False,False,True,False,False,False,False,False,0,2,False,False,mechanism,Neoplastic,common,Basal Cell Carcinoma,Basal Cell Carcinoma,Malignant,vignette
p44,Dermatology resident,,,,15,8,9711,3,A,Wiskott Aldrich syndrome,A,Wiskott Aldrich syndrome,True,A,A,True,True,True,False,True,True,False,False,2,3,False,True,diagnosis,Genetic Rare,rare,Wiskott-Aldrich Syndrome,Wiskott-Aldrich Syndrome,Syndromic,short_stem
p44,Dermatology resident,,,,15,9,1944,1,A,Niacin,A,Niacin,True,A,A,True,True,True,False,True,True,False,False,1,1,True,True,diagnosis,Metabolic Systemic,rare,Pellagra,Pellagra,Nutritional,short_stem
p44,Dermatology resident,,,,15,10,7595,4,A,Retinoids,A,Retinoids,True,A,A,True,True,True,False,True,True,False,False,4,4,True,True,treatment,Inflammatory,common,Acne Vulgaris,Acne Vulgaris,Neutrophilic,short_stem
p44,Dermatology resident,,,,15,11,4935,3,B,The dorsal root ganglion of the C7 spinal nerve,B,The dorsal root ganglion of the C7 spinal nerve,True,B,B,True,True,True,False,True,True,False,False,3,3,True,True,mechanism,Infectious,common,Herpes Zoster,Herpes Zoster,Viral,vignette
p44,Dermatology resident,,,,15,12,258,4,D,Cervical carcinoma,D,Cervical carcinoma,True,D,D,True,True,True,False,True,True,False,False,3,4,False,True,epidemiology,Infectious,common,Condyloma Acuminata (Genital Warts / Hpv Infection),Condylomata Acuminata,Viral,vignette
p44,Dermatology resident,,,,15,13,2490,1,C,Verrucous epidermal nevus,A,Incontinentia pigmenti,False,D,D,False,False,True,False,False,False,False,False,0,1,False,False,diagnosis,Neoplastic,moderate,Verrucous Epidermal Nevus,Verrucous Epidermal Nevus,Benign,short_stem
p44,Dermatology resident,,,,15,14,1113,3,D,Cryotherapy or podophyllotoxin (0.15% topically),D,Cryotherapy or podophyllotoxin (0.15% topically),True,D,D,True,True,True,False,True,True,False,False,1,3,False,True,treatment,Infectious,common,Molluscum Contagiosum,Molluscum Contagiosum,Viral,vignette
p44,Dermatology resident,,,,15,15,2766,2,B,TEN,B,TEN,True,D,B,False,True,True,True,False,True,True,False,0,2,False,False,diagnosis,Inflammatory,rare,Toxic Epidermal Necrolysis,Toxic Epidermal Necrolysis,Autoimmune,vignette
p44,Dermatology resident,,,,15,16,8890,1,A,Treatment is with warm compresses and oral antibiotics,B,"Biopsy of the nipple, revealing malignant cells within the milk ducts, is invariably associated with an underlying invasive carcinoma",False,C,B,False,False,True,True,False,True,True,False,1,1,True,True,treatment,Neoplastic,rare,Paget'S Disease Of The Nipple,Paget's Disease of the Nipple,Malignant,short_stem
p45,Dermatologist,10+ years,,10+ years,15,1,1487,3,A,Oral griseofulvin therapy,A,Oral griseofulvin therapy,True,A,A,True,True,True,False,True,True,False,False,2,3,False,True,treatment,Infectious,common,Tinea Capitis,Tinea Capitis,Fungal,short_stem
p45,Dermatologist,10+ years,,10+ years,15,2,1810,3,B,Lamellar ichthyosis,B,Lamellar ichthyosis,True,B,B,True,True,True,False,True,True,False,False,1,3,False,True,diagnosis,Genetic Rare,rare,Lamellar Ichthyosis,Lamellar Ichthyosis,Genodermatoses,vignette
p45,Dermatologist,10+ years,,10+ years,15,3,8749,1,A,Pautrier's micro abscess,A,Pautrier's micro abscess,True,A,A,True,True,True,False,True,True,False,False,0,1,False,False,diagnosis,Neoplastic,moderate,Mycosis Fungoides,Mycosis Fungoides,Malignant,vignette
p45,Dermatologist,10+ years,,10+ years,15,4,322,3,B,Apocrine gland,B,Apocrine gland,True,B,B,True,True,True,False,True,True,False,False,3,3,True,True,mechanism,Other,common,General,General,Unclassified,short_stem
p45,Dermatologist,10+ years,,10+ years,15,5,3273,2,C,Melasma may or may not return with each subsequent pregnancy,C,Melasma may or may not return with each subsequent pregnancy,True,C,C,True,True,True,False,True,True,False,False,2,2,True,True,prognosis,Pigmentation,moderate,Melasma,Melasma,Hyperpigmentation,vignette
p45,Dermatologist,10+ years,,10+ years,15,6,57,3,B,Scalded skin syndrome,B,Scalded skin syndrome,True,B,B,True,True,True,False,True,True,False,False,1,3,False,True,diagnosis,Infectious,moderate,Staphylococcal Scalded Skin Syndrome,Staphylococcal Scalded Skin Syndrome,Bacterial,vignette
p45,Dermatologist,10+ years,,10+ years,15,7,1085,2,C,Inhibition of thymidylate synthase,C,Inhibition of thymidylate synthase,True,C,C,True,True,True,False,True,True,False,False,1,2,False,True,mechanism,Neoplastic,common,Basal Cell Carcinoma,Basal Cell Carcinoma,Malignant,vignette
p45,Dermatologist,10+ years,,10+ years,15,8,9711,3,A,Wiskott Aldrich syndrome,A,Wiskott Aldrich syndrome,True,A,A,True,True,True,False,True,True,False,False,2,3,False,True,diagnosis,Genetic Rare,rare,Wiskott-Aldrich Syndrome,Wiskott-Aldrich Syndrome,Syndromic,short_stem
p45,Dermatologist,10+ years,,10+ years,15,9,1944,1,A,Niacin,A,Niacin,True,A,A,True,True,True,False,True,True,False,False,1,1,True,True,diagnosis,Metabolic Systemic,rare,Pellagra,Pellagra,Nutritional,short_stem
p45,Dermatologist,10+ years,,10+ years,15,10,7595,4,A,Retinoids,A,Retinoids,True,A,A,True,True,True,False,True,True,False,False,4,4,True,True,treatment,Inflammatory,common,Acne Vulgaris,Acne Vulgaris,Neutrophilic,short_stem
p45,Dermatologist,10+ years,,10+ years,15,11,4935,3,B,The dorsal root ganglion of the C7 spinal nerve,B,The dorsal root ganglion of the C7 spinal nerve,True,B,B,True,True,True,False,True,True,False,False,2,3,False,True,mechanism,Infectious,common,Herpes Zoster,Herpes Zoster,Viral,vignette
p45,Dermatologist,10+ years,,10+ years,15,12,258,4,D,Cervical carcinoma,D,Cervical carcinoma,True,D,D,True,True,True,False,True,True,False,False,0,4,False,False,epidemiology,Infectious,common,Condyloma Acuminata (Genital Warts / Hpv Infection),Condylomata Acuminata,Viral,vignette
p45,Dermatologist,10+ years,,10+ years,15,13,2490,1,C,Verrucous epidermal nevus,A,Incontinentia pigmenti,False,C,A,True,False,True,True,False,True,True,False,1,1,True,True,diagnosis,Neoplastic,moderate,Verrucous Epidermal Nevus,Verrucous Epidermal Nevus,Benign,short_stem
p45,Dermatologist,10+ years,,10+ years,15,14,1113,3,D,Cryotherapy or podophyllotoxin (0.15% topically),D,Cryotherapy or podophyllotoxin (0.15% topically),True,D,D,True,True,True,False,True,True,False,False,1,3,False,True,treatment,Infectious,common,Molluscum Contagiosum,Molluscum Contagiosum,Viral,vignette
p45,Dermatologist,10+ years,,10+ years,15,15,2766,2,B,TEN,B,TEN,True,A,A,False,False,True,False,False,False,False,False,0,2,False,False,diagnosis,Inflammatory,rare,Toxic Epidermal Necrolysis,Toxic Epidermal Necrolysis,Autoimmune,vignette
p45,Dermatologist,10+ years,,10+ years,15,16,8890,1,A,Treatment is with warm compresses and oral antibiotics,B,"Biopsy of the nipple, revealing malignant cells within the milk ducts, is invariably associated with an underlying invasive carcinoma",False,A,B,True,False,True,True,False,True,True,False,0,1,False,False,treatment,Neoplastic,rare,Paget'S Disease Of The Nipple,Paget's Disease of the Nipple,Malignant,short_stem
p43,Dermatologist,4-9 years,,4-9 years,15,1,1487,3,A,Oral griseofulvin therapy,A,Oral griseofulvin therapy,True,A,A,True,True,True,False,True,True,False,False,2,3,False,True,treatment,Infectious,common,Tinea Capitis,Tinea Capitis,Fungal,short_stem
p43,Dermatologist,4-9 years,,4-9 years,15,2,1810,3,B,Lamellar ichthyosis,B,Lamellar ichthyosis,True,C,B,False,True,True,True,False,True,True,False,1,3,False,True,diagnosis,Genetic Rare,rare,Lamellar Ichthyosis,Lamellar Ichthyosis,Genodermatoses,vignette
p43,Dermatologist,4-9 years,,4-9 years,15,3,8749,1,A,Pautrier's micro abscess,A,Pautrier's micro abscess,True,A,A,True,True,True,False,True,True,False,False,0,1,False,False,diagnosis,Neoplastic,moderate,Mycosis Fungoides,Mycosis Fungoides,Malignant,vignette
p43,Dermatologist,4-9 years,,4-9 years,15,4,322,3,B,Apocrine gland,B,Apocrine gland,True,B,B,True,True,True,False,True,True,False,False,3,3,True,True,mechanism,Other,common,General,General,Unclassified,short_stem
p43,Dermatologist,4-9 years,,4-9 years,15,5,3273,2,C,Melasma may or may not return with each subsequent pregnancy,C,Melasma may or may not return with each subsequent pregnancy,True,D,C,False,True,True,True,False,True,True,False,1,2,False,True,prognosis,Pigmentation,moderate,Melasma,Melasma,Hyperpigmentation,vignette
p43,Dermatologist,4-9 years,,4-9 years,15,6,57,3,B,Scalded skin syndrome,B,Scalded skin syndrome,True,B,B,True,True,True,False,True,True,False,False,1,3,False,True,diagnosis,Infectious,moderate,Staphylococcal Scalded Skin Syndrome,Staphylococcal Scalded Skin Syndrome,Bacterial,vignette
p43,Dermatologist,4-9 years,,4-9 years,15,7,1085,2,C,Inhibition of thymidylate synthase,C,Inhibition of thymidylate synthase,True,C,C,True,True,True,False,True,True,False,False,0,2,False,False,mechanism,Neoplastic,common,Basal Cell Carcinoma,Basal Cell Carcinoma,Malignant,vignette
p43,Dermatologist,4-9 years,,4-9 years,15,8,9711,3,A,Wiskott Aldrich syndrome,A,Wiskott Aldrich syndrome,True,A,A,True,True,True,False,True,True,False,False,2,3,False,True,diagnosis,Genetic Rare,rare,Wiskott-Aldrich Syndrome,Wiskott-Aldrich Syndrome,Syndromic,short_stem
p43,Dermatologist,4-9 years,,4-9 years,15,9,1944,1,A,Niacin,A,Niacin,True,A,A,True,True,True,False,True,True,False,False,1,1,True,True,diagnosis,Metabolic Systemic,rare,Pellagra,Pellagra,Nutritional,short_stem
p43,Dermatologist,4-9 years,,4-9 years,15,10,7595,4,A,Retinoids,A,Retinoids,True,A,A,True,True,True,False,True,True,False,False,4,4,True,True,treatment,Inflammatory,common,Acne Vulgaris,Acne Vulgaris,Neutrophilic,short_stem
p43,Dermatologist,4-9 years,,4-9 years,15,11,4935,3,B,The dorsal root ganglion of the C7 spinal nerve,B,The dorsal root ganglion of the C7 spinal nerve,True,B,B,True,True,True,False,True,True,False,False,3,3,True,True,mechanism,Infectious,common,Herpes Zoster,Herpes Zoster,Viral,vignette
p43,Dermatologist,4-9 years,,4-9 years,15,12,258,4,D,Cervical carcinoma,D,Cervical carcinoma,True,D,D,True,True,True,False,True,True,False,False,0,4,False,False,epidemiology,Infectious,common,Condyloma Acuminata (Genital Warts / Hpv Infection),Condylomata Acuminata,Viral,vignette
p43,Dermatologist,4-9 years,,4-9 years,15,13,2490,1,C,Verrucous epidermal nevus,A,Incontinentia pigmenti,False,C,D,True,False,True,True,False,False,False,False,0,1,False,False,diagnosis,Neoplastic,moderate,Verrucous Epidermal Nevus,Verrucous Epidermal Nevus,Benign,short_stem
p43,Dermatologist,4-9 years,,4-9 years,15,14,1113,3,D,Cryotherapy or podophyllotoxin (0.15% topically),D,Cryotherapy or podophyllotoxin (0.15% topically),True,D,D,True,True,True,False,True,True,False,False,0,3,False,False,treatment,Infectious,common,Molluscum Contagiosum,Molluscum Contagiosum,Viral,vignette
p43,Dermatologist,4-9 years,,4-9 years,15,15,2766,2,B,TEN,B,TEN,True,A,B,False,True,True,True,False,True,True,False,1,2,False,True,diagnosis,Inflammatory,rare,Toxic Epidermal Necrolysis,Toxic Epidermal Necrolysis,Autoimmune,vignette
p43,Dermatologist,4-9 years,,4-9 years,15,16,8890,1,A,Treatment is with warm compresses and oral antibiotics,B,"Biopsy of the nipple, revealing malignant cells within the milk ducts, is invariably associated with an underlying invasive carcinoma",False,B,B,False,False,True,False,True,True,False,False,1,1,True,True,treatment,Neoplastic,rare,Paget'S Disease Of The Nipple,Paget's Disease of the Nipple,Malignant,short_stem
p48,Dermatologist,10+ years,,10+ years,16,1,490,2,A,Palisading nuclei,A,Palisading nuclei,True,A,A,True,True,True,False,True,True,False,False,1,2,False,True,diagnosis,Neoplastic,common,Basal Cell Carcinoma,Basal Cell Carcinoma,Malignant,short_stem
p48,Dermatologist,10+ years,,10+ years,16,2,418,3,B,Venous insufficiency,B,Venous insufficiency,True,B,B,True,True,True,False,True,True,False,False,1,3,False,True,diagnosis,Other,common,Venous Leg Ulcer,Venous Leg Ulcer,Unclassified,vignette
p48,Dermatologist,10+ years,,10+ years,16,3,2640,1,A,Intermediate leprosy,A,Intermediate leprosy,True,A,A,True,True,True,False,True,True,False,False,1,1,True,True,diagnosis,Infectious,moderate,Leprosy,Leprosy,Bacterial,short_stem
p48,Dermatologist,10+ years,,10+ years,16,4,7037,2,D,Niacin,D,Niacin,True,D,D,True,True,True,False,True,True,False,False,2,2,True,True,treatment,Metabolic Systemic,rare,Pellagra,Pellagra,Nutritional,short_stem
p48,Dermatologist,10+ years,,10+ years,16,5,500,2,D,Measurement of erythrocyte glutathione reductase activity,D,Measurement of erythrocyte glutathione reductase activity,True,C,D,False,True,True,True,False,True,True,False,1,2,False,True,diagnosis,Metabolic Systemic,rare,Riboflavin Deficiency,Riboflavin Deficiency,Nutritional,vignette
p48,Dermatologist,10+ years,,10+ years,16,6,2305,4,A,S aureus toxic shock syndrome (TSS),A,S aureus toxic shock syndrome (TSS),True,A,A,True,True,True,False,True,True,False,False,3,4,False,True,diagnosis,Infectious,rare,Toxic Shock Syndrome,Toxic Shock Syndrome,Bacterial,vignette
p48,Dermatologist,10+ years,,10+ years,16,7,1075,2,C,Saddle nose,C,Saddle nose,True,C,C,True,True,True,False,True,True,False,False,1,2,False,True,prognosis,Infectious,moderate,Congenital Syphilis,Congenital Syphilis,Bacterial,vignette
p48,Dermatologist,10+ years,,10+ years,16,8,804,3,D,Uroporphyrinogen III decarboxylase,D,Uroporphyrinogen III decarboxylase,True,D,D,True,True,True,False,True,True,False,False,0,3,False,False,mechanism,Metabolic Systemic,moderate,Porphyria Cutanea Tarda,Porphyria Cutanea Tarda,Systemic Disease Manifestations,vignette
p48,Dermatologist,10+ years,,10+ years,16,9,689,1,D,High-output cardiac failure,D,High-output cardiac failure,True,E,D,False,True,True,True,False,True,True,False,0,1,False,False,epidemiology,Genetic Rare,rare,Hereditary Hemorrhagic Telangiectasia,Hereditary Hemorrhagic Telangiectasia,Syndromic,vignette
p48,Dermatologist,10+ years,,10+ years,16,10,548,3,A,5α reductase inhibitor,A,5α reductase inhibitor,True,C,A,False,True,True,True,False,True,True,False,3,3,True,True,mechanism,Hair Nail,common,Androgenetic Alopecia,Androgenetic Alopecia,Hair Loss,vignette
p48,Dermatologist,10+ years,,10+ years,16,11,6073,3,D,Tuberculoid leprosy,D,Tuberculoid leprosy,True,B,D,False,True,True,True,False,True,True,False,3,3,True,True,diagnosis,Infectious,moderate,Tuberculoid Leprosy,Tuberculoid Leprosy,Bacterial,short_stem
p48,Dermatologist,10+ years,,10+ years,16,12,177,2,B,Renal biopsy,A,Skin biopsy,False,B,B,True,True,True,False,False,False,False,False,0,2,False,False,treatment,Inflammatory,moderate,Systemic Lupus Erythematosus,Systemic Lupus Erythematosus,Autoimmune,vignette
p48,Dermatologist,10+ years,,10+ years,16,13,1353,1,A,Femoral neck fracture,A,Femoral neck fracture,True,A,A,True,True,True,False,True,True,False,False,0,1,False,False,treatment,Inflammatory,moderate,Systemic Lupus Erythematosus,Systemic Lupus Erythematosus,Autoimmune,vignette
p48,Dermatologist,10+ years,,10+ years,16,14,9787,2,C,Borderline leprosy,A,Tuberculoid leprosy,False,D,A,False,False,True,True,False,True,True,False,1,2,False,True,diagnosis,Infectious,moderate,Borderline Leprosy,Borderline Leprosy,Bacterial,short_stem
p48,Dermatologist,10+ years,,10+ years,16,15,1063,2,E,Nucleotide-excision DNA repair,E,Nucleotide-excision DNA repair,True,E,E,True,True,True,False,True,True,False,False,2,2,True,True,mechanism,Genetic Rare,rare,Xeroderma Pigmentosum,Xeroderma Pigmentosum,Genodermatoses,vignette
p48,Dermatologist,10+ years,,10+ years,16,16,2913,3,D,Topical ketoconazole or 1% hydrocortisone cream (low potency) is good initial therapy.,D,Topical ketoconazole or 1% hydrocortisone cream (low potency) is good initial therapy.,True,D,D,True,True,True,False,True,True,False,False,0,3,False,False,treatment,Inflammatory,common,Seborrheic Dermatitis,Seborrheic Dermatitis,Eczematous,vignette
p46,Dermatologist,< 1 year,,< 1 year,16,1,490,2,A,Palisading nuclei,A,Palisading nuclei,True,A,A,True,True,True,False,True,True,False,False,2,2,True,True,diagnosis,Neoplastic,common,Basal Cell Carcinoma,Basal Cell Carcinoma,Malignant,short_stem
p46,Dermatologist,< 1 year,,< 1 year,16,2,418,3,B,Venous insufficiency,B,Venous insufficiency,True,B,B,True,True,True,False,True,True,False,False,1,3,False,True,diagnosis,Other,common,Venous Leg Ulcer,Venous Leg Ulcer,Unclassified,vignette
p46,Dermatologist,< 1 year,,< 1 year,16,3,2640,1,A,Intermediate leprosy,A,Intermediate leprosy,True,A,A,True,True,True,False,True,True,False,False,0,1,False,False,diagnosis,Infectious,moderate,Leprosy,Leprosy,Bacterial,short_stem
p46,Dermatologist,< 1 year,,< 1 year,16,4,7037,2,D,Niacin,D,Niacin,True,B,D,False,True,True,True,False,True,True,False,1,2,False,True,treatment,Metabolic Systemic,rare,Pellagra,Pellagra,Nutritional,short_stem
p46,Dermatologist,< 1 year,,< 1 year,16,5,500,2,D,Measurement of erythrocyte glutathione reductase activity,D,Measurement of erythrocyte glutathione reductase activity,True,C,D,False,True,True,True,False,True,True,False,1,2,False,True,diagnosis,Metabolic Systemic,rare,Riboflavin Deficiency,Riboflavin Deficiency,Nutritional,vignette
p46,Dermatologist,< 1 year,,< 1 year,16,6,2305,4,A,S aureus toxic shock syndrome (TSS),A,S aureus toxic shock syndrome (TSS),True,A,A,True,True,True,False,True,True,False,False,3,4,False,True,diagnosis,Infectious,rare,Toxic Shock Syndrome,Toxic Shock Syndrome,Bacterial,vignette
p46,Dermatologist,< 1 year,,< 1 year,16,7,1075,2,C,Saddle nose,C,Saddle nose,True,C,C,True,True,True,False,True,True,False,False,1,2,False,True,prognosis,Infectious,moderate,Congenital Syphilis,Congenital Syphilis,Bacterial,vignette
p46,Dermatologist,< 1 year,,< 1 year,16,8,804,3,D,Uroporphyrinogen III decarboxylase,D,Uroporphyrinogen III decarboxylase,True,D,D,True,True,True,False,True,True,False,False,0,3,False,False,mechanism,Metabolic Systemic,moderate,Porphyria Cutanea Tarda,Porphyria Cutanea Tarda,Systemic Disease Manifestations,vignette
p46,Dermatologist,< 1 year,,< 1 year,16,9,689,1,D,High-output cardiac failure,D,High-output cardiac failure,True,F,D,False,True,True,True,False,True,True,False,0,1,False,False,epidemiology,Genetic Rare,rare,Hereditary Hemorrhagic Telangiectasia,Hereditary Hemorrhagic Telangiectasia,Syndromic,vignette
p46,Dermatologist,< 1 year,,< 1 year,16,10,548,3,A,5α reductase inhibitor,A,5α reductase inhibitor,True,A,A,True,True,True,False,True,True,False,False,3,3,True,True,mechanism,Hair Nail,common,Androgenetic Alopecia,Androgenetic Alopecia,Hair Loss,vignette
p46,Dermatologist,< 1 year,,< 1 year,16,11,6073,3,D,Tuberculoid leprosy,D,Tuberculoid leprosy,True,A,D,False,True,True,True,False,True,True,False,1,3,False,True,diagnosis,Infectious,moderate,Tuberculoid Leprosy,Tuberculoid Leprosy,Bacterial,short_stem
p46,Dermatologist,< 1 year,,< 1 year,16,12,177,2,B,Renal biopsy,A,Skin biopsy,False,B,B,True,True,True,False,False,False,False,False,0,2,False,False,treatment,Inflammatory,moderate,Systemic Lupus Erythematosus,Systemic Lupus Erythematosus,Autoimmune,vignette
p46,Dermatologist,< 1 year,,< 1 year,16,13,1353,1,A,Femoral neck fracture,A,Femoral neck fracture,True,A,A,True,True,True,False,True,True,False,False,0,1,False,False,treatment,Inflammatory,moderate,Systemic Lupus Erythematosus,Systemic Lupus Erythematosus,Autoimmune,vignette
p46,Dermatologist,< 1 year,,< 1 year,16,14,9787,2,C,Borderline leprosy,A,Tuberculoid leprosy,False,C,C,True,True,True,False,False,False,False,False,0,2,False,False,diagnosis,Infectious,moderate,Borderline Leprosy,Borderline Leprosy,Bacterial,short_stem
p46,Dermatologist,< 1 year,,< 1 year,16,15,1063,2,E,Nucleotide-excision DNA repair,E,Nucleotide-excision DNA repair,True,D,E,False,True,True,True,False,True,True,False,2,2,True,True,mechanism,Genetic Rare,rare,Xeroderma Pigmentosum,Xeroderma Pigmentosum,Genodermatoses,vignette
p46,Dermatologist,< 1 year,,< 1 year,16,16,2913,3,D,Topical ketoconazole or 1% hydrocortisone cream (low potency) is good initial therapy.,D,Topical ketoconazole or 1% hydrocortisone cream (low potency) is good initial therapy.,True,D,D,True,True,True,False,True,True,False,False,3,3,True,True,treatment,Inflammatory,common,Seborrheic Dermatitis,Seborrheic Dermatitis,Eczematous,vignette
p49,Dermatologist,1-3 years,,1-3 years,17,1,464,3,C,BRAF,C,BRAF,True,C,C,True,True,True,False,True,True,False,False,2,3,False,True,mechanism,Neoplastic,common,Melanoma,Melanoma,Malignant,vignette
p49,Dermatologist,1-3 years,,1-3 years,17,2,351,2,D,Increased erythropoietin production,D,Increased erythropoietin production,True,B,B,False,False,True,False,False,False,False,False,0,2,False,False,mechanism,Other,common,Obstructive Sleep Apnea,Obstructive Sleep Apnea,Unclassified,vignette
p49,Dermatologist,1-3 years,,1-3 years,17,3,8482,1,C,Anaphylaxis,C,Anaphylaxis,True,C,C,True,True,True,False,True,True,False,False,0,1,False,False,diagnosis,Inflammatory,moderate,Anaphylaxis,Anaphylaxis,Vascular & Urticarial,short_stem
p49,Dermatologist,1-3 years,,1-3 years,17,4,9750,4,D,HPV 6,D,HPV 6,True,D,D,True,True,True,False,True,True,False,False,3,4,False,True,epidemiology,Infectious,common,Condyloma Acuminata,Condylomata Acuminata,Viral,short_stem
p49,Dermatologist,1-3 years,,1-3 years,17,5,6741,4,C,Congenital Epidermolysis Bullosa,C,Congenital Epidermolysis Bullosa,True,C,C,True,True,True,False,True,True,False,False,4,4,True,True,diagnosis,Genetic Rare,rare,Epidermolysis Bullosa,Epidermolysis Bullosa,Genodermatoses,vignette
p49,Dermatologist,1-3 years,,1-3 years,17,6,5671,2,B,Low IgM and IgG levels,C,High levels of IgA,False,A,C,False,False,True,True,False,True,True,False,2,2,True,True,diagnosis,Genetic Rare,rare,Wiskott-Aldrich Syndrome,Wiskott-Aldrich Syndrome,Syndromic,vignette
p49,Dermatologist,1-3 years,,1-3 years,17,7,422,3,A,Keratin pearls,A,Keratin pearls,True,D,A,False,True,True,True,False,True,True,False,0,3,False,False,mechanism,Neoplastic,common,Actinic Keratosis,Actinic Keratosis,Premalignant,vignette
p49,Dermatologist,1-3 years,,1-3 years,17,8,289,3,A,Cryotherapy,A,Cryotherapy,True,C,C,False,False,True,False,False,False,False,False,0,3,False,False,treatment,Infectious,common,Condyloma Acuminata,Condylomata Acuminata,Viral,vignette
p49,Dermatologist,1-3 years,,1-3 years,17,9,5910,2,B,HSP,B,HSP,True,A,B,False,True,True,True,False,True,True,False,0,2,False,False,diagnosis,Inflammatory,moderate,Henoch-Schönlein Purpura,Henoch-Schönlein Purpura,Vascular & Urticarial,short_stem
p49,Dermatologist,1-3 years,,1-3 years,17,10,5451,1,C,Histiocytosis X,C,Histiocytosis X,True,C,C,True,True,True,False,True,True,False,False,1,1,True,True,diagnosis,Neoplastic,rare,Langerhans Cell Histiocytosis,Langerhans Cell Histiocytosis,Malignant,short_stem
p49,Dermatologist,1-3 years,,1-3 years,17,11,71,2,A,Alopecia areata,A,Alopecia areata,True,A,A,True,True,True,False,True,True,False,False,0,2,False,False,diagnosis,Hair Nail,moderate,Alopecia Areata,Alopecia Areata,Hair Loss,vignette
p49,Dermatologist,1-3 years,,1-3 years,17,12,6572,2,C,Antihistamines,C,Antihistamines,True,C,C,True,True,True,False,True,True,False,False,1,2,False,True,treatment,Inflammatory,common,Urticaria,Urticaria,Vascular & Urticarial,short_stem
p49,Dermatologist,1-3 years,,1-3 years,17,13,139,2,C,Depth of invasion of atypical cells,C,Depth of invasion of atypical cells,True,C,C,True,True,True,False,True,True,False,False,1,2,False,True,prognosis,Neoplastic,common,Melanoma,Melanoma,Malignant,short_stem
p49,Dermatologist,1-3 years,,1-3 years,17,14,1177,1,E,No pharmacotherapy,B,Doxycycline,False,A,A,False,False,True,False,False,False,False,False,0,1,False,False,treatment,Infectious,moderate,Cat Scratch Disease,Cat Scratch Disease,Bacterial,vignette
p49,Dermatologist,1-3 years,,1-3 years,17,15,6731,2,B,Pressure-gradient stockings,B,Pressure-gradient stockings,True,B,B,True,True,True,False,True,True,False,False,2,2,True,True,treatment,Metabolic Systemic,common,Chronic Venous Insufficiency,Chronic Venous Insufficiency,Systemic Disease Manifestations,short_stem
p49,Dermatologist,1-3 years,,1-3 years,17,16,4626,3,C,No transformation to invasive carcinoma,C,No transformation to invasive carcinoma,True,C,C,True,True,True,False,True,True,False,False,2,3,False,True,diagnosis,Neoplastic,rare,Erythroplasia Of Queyrat,Erythroplasia of Queyrat,Premalignant,vignette
p52,Dermatology resident,,,,18,1,5551,3,B,Squamous cell carcinoma,B,Squamous cell carcinoma,True,B,B,True,True,True,False,True,True,False,False,3,3,True,True,diagnosis,Neoplastic,common,Squamous Cell Carcinoma,Squamous Cell Carcinoma,Malignant,short_stem
p52,Dermatology resident,,,,18,2,2317,3,A,Retinoids,A,Retinoids,True,A,A,True,True,True,False,True,True,False,False,3,3,True,True,treatment,Inflammatory,common,Acne Vulgaris,Acne Vulgaris,Neutrophilic,short_stem
p52,Dermatology resident,,,,18,3,4852,3,B,Acute onset of disease,B,Acute onset of disease,True,B,B,True,True,True,False,True,True,False,False,1,3,False,True,epidemiology,Inflammatory,moderate,Systemic Sclerosis,Systemic Sclerosis,Autoimmune,short_stem
p52,Dermatology resident,,,,18,4,3530,3,B,Fishnet IgG in epidermis,B,Fishnet IgG in epidermis,True,C,C,False,False,True,False,False,False,False,False,0,3,False,False,diagnosis,Inflammatory,moderate,Pemphigus Vulgaris,Pemphigus Vulgaris,Autoimmune,short_stem
p52,Dermatology resident,,,,18,5,424,1,A,Hepatocellular carcinoma,A,Hepatocellular carcinoma,True,A,A,True,True,True,False,True,True,False,False,0,1,False,False,prognosis,Metabolic Systemic,moderate,Hereditary Hemochromatosis,Hereditary Hemochromatosis,Systemic Disease Manifestations,vignette
p52,Dermatology resident,,,,18,6,1742,3,A,Oral griseofulvin therapy,A,Oral griseofulvin therapy,True,D,A,False,True,True,True,False,True,True,False,2,3,False,True,treatment,Infectious,common,Tinea Capitis,Tinea Capitis,Fungal,short_stem
p52,Dermatology resident,,,,18,7,828,1,B,Onchocerciasis,B,Onchocerciasis,True,B,B,True,True,True,False,True,True,False,False,1,1,True,True,diagnosis,Infectious,rare,Onchocerciasis,Onchocerciasis,Parasitic & Other,vignette
p52,Dermatology resident,,,,18,8,1281,2,A,Protein A,A,Protein A,True,A,A,True,True,True,False,True,True,False,False,1,2,False,True,mechanism,Infectious,common,Impetigo,Impetigo,Bacterial,vignette
p52,Dermatology resident,,,,18,9,169,3,C,Surgical excision with 1-2 cm safety margins and sentinel lymph node study,B,Surgical excision with 1-2 cm safety margins only,False,C,C,True,True,True,False,False,False,False,False,2,3,False,True,treatment,Neoplastic,common,Superficial Spreading Melanoma,Superficial Spreading Melanoma,Malignant,short_stem
p52,Dermatology resident,,,,18,10,1213,3,C,Squamous cell carcinoma,C,Squamous cell carcinoma,True,C,C,True,True,True,False,True,True,False,False,2,3,False,True,diagnosis,Neoplastic,common,Squamous Cell Carcinoma,Squamous Cell Carcinoma,Malignant,vignette
p52,Dermatology resident,,,,18,11,1607,1,B,Bullous pemphigoid,B,Bullous pemphigoid,True,B,B,True,True,True,False,True,True,False,False,0,1,False,False,diagnosis,Inflammatory,moderate,Bullous Pemphigoid,Bullous Pemphigoid,Autoimmune,short_stem
p52,Dermatology resident,,,,18,12,608,4,D,Venous insufficiency,D,Venous insufficiency,True,D,D,True,True,True,False,True,True,False,False,3,4,False,True,diagnosis,Other,common,Venous Leg Ulcer,Venous Leg Ulcer,Unclassified,vignette
p52,Dermatology resident,,,,18,13,8531,1,B,PDGFB,B,PDGFB,True,B,B,True,True,True,False,True,True,False,False,1,1,True,True,mechanism,Neoplastic,rare,Dermatofibrosarcoma Protuberans,Dermatofibrosarcoma Protuberans,Malignant,vignette
p52,Dermatology resident,,,,18,14,1368,1,A,Both copies of the gene encoding the target are non-functional in tumors,A,Both copies of the gene encoding the target are non-functional in tumors,True,C,A,False,True,True,True,False,True,True,False,1,1,True,True,mechanism,Neoplastic,common,Melanoma,Melanoma,Malignant,vignette
p52,Dermatology resident,,,,18,15,540,4,D,Finasteride,D,Finasteride,True,D,D,True,True,True,False,True,True,False,False,3,4,False,True,treatment,Hair Nail,common,Androgenetic Alopecia,Androgenetic Alopecia,Hair Loss,vignette
p52,Dermatology resident,,,,18,16,1176,1,A,Reassurance,D,Inform child protective services,False,D,D,False,False,True,False,True,True,False,False,0,1,False,False,diagnosis,Pigmentation,common,Mongolian Spots (Dermal Melanocytosis),Mongolian Spot,Hyperpigmentation,vignette
